,data,cena_za_metr,linreg,opis,ridge,svm,random_forest,lasso_CV,nlp,mean_regres,mean_predict
0,2020-02-10,8188.0,8109.952610498987,"Atrakcyjny Apartament /ul. Babinicza , Kraków",7945.241196756688,8050.635516231439,8912.140246462184,7984.251984168892,11560.101005309798,8013.148597141521,9134.006341286236
1,2020-02-22,7936.0,9306.14023192318,SPRZEDAŻ mieszkania 47m2 (Żywiecka) BEZPOŚREDNIO,9184.193880839313,8756.887769167755,8960.67441225067,9374.840283683285,11270.192870010475,9288.391465481925,9569.036629227707
2,2020-02-22,9002.0,11119.472094247194,"Przestronne, funkcjonalne 3pok Głowackiego",11164.110912025131,10906.567139403127,10840.060522305264,10880.046348604328,7844.956746207709,11054.543118292218,10161.53188155208
3,2020-02-22,8098.0,10116.573244934856,Okazja ! Obozowa - mieszkanie po remoncie 2 pokoje,10053.774881402527,9013.645044489132,8960.67441225067,9793.731294470852,8260.67433283924,9988.026473602746,9055.755065795447
4,2020-02-22,9917.0,10182.617892874885,Widokowe dwupokojowe z jasną kuchnią Żabiniec,10134.048472646995,9497.650210596214,9646.529242762597,10304.646312797893,9882.533643474744,10207.10422610659,9808.454330735036
5,2020-02-22,16500.0,13606.498970443174,"Kawalerka 17m2 ul.Bonerowska/Poczta Główna, Kraków",14567.573917524333,14640.951926415531,13900.405763765864,13836.617800170308,10507.552906092697,14003.563562712605,13263.118539746674
6,2020-02-22,7962.0,9866.140783932658,"Ruczaj. Grota-Roweckiego. 72m, 4/4. (Z potencjałem",9881.30339005395,9183.10089072222,9077.99244425004,9890.468111934553,9446.29949074618,9879.304095307054,9396.674230256374
7,2020-02-22,9605.0,10170.430527046932,"Felińskiego, 2 pokoje, 38m2",10050.994186948847,9442.252858562166,9383.16807512675,9778.328803461862,9760.370153264781,9999.917839152547,9646.42723152656
8,2020-02-22,11057.0,11559.874196140603,"Żwirki i Wigury, 2 pokoje, 35m2",12328.879787098213,11006.429070537457,9672.746507262073,11707.67557986509,9760.370153264781,11865.476521034636,10576.255563024737
9,2020-02-22,7813.0,8704.974508741248,"2 pok., 48m2, Czarnogórska, Wola Duchacka, Kraków",8887.50776442366,8318.187500753666,8912.140246462184,9203.804765551668,6698.696978836553,8932.095679572192,8215.28010140615
10,2020-02-22,7228.0,10030.501811077826,"Mieszkanie do odświeżenia, Ogrodniki, Podgórze",10708.913335529904,9459.189427316207,8929.654096516122,10420.96823707384,8657.187478852149,10386.79446122719,9358.206365977916
11,2020-02-22,7500.0,7981.48054440253,"2-pokoje, po remoncie, Wysłouchów",7918.833751124445,8142.566698586281,8928.013007956437,8363.953591015454,8652.26384604476,8088.0892955141435,8452.733212025405
12,2020-02-22,7432.0,9311.35575793646,"3-pokoje po remoncie, ul. Sucha, Łagiewniki",9328.055090135862,8887.88143757358,8929.654096516122,9251.247001175534,8447.970471761691,9296.885949749287,8890.597988900172
13,2020-02-22,7464.0,10431.43573597247,"*Świetny układDla rodziny lub inwestycja!Roi 6,2%",10403.072866806519,10515.735784334549,10845.980509894058,10247.680498840024,14189.200211075822,10360.72970053967,11477.911551461024
14,2020-02-22,10591.0,11415.959407515247,"Mieszkanie, Grzegórzki 66m2.",12137.522235846165,11672.185114162738,12211.660542941792,11764.122820462198,14199.206239043775,11772.534821274536,12463.89667935571
15,2020-02-22,12927.0,12246.60086716242,Piękne mieszkanie do sprzedaży ul Anieli Krzywoń,12087.81671614066,10444.431098590343,9874.98497457417,11543.515794686924,12155.288334591502,11959.311125996668,11108.50388343817
16,2020-02-22,19833.0,10848.105347582647,Apartament ***** Wiślane Tarasy 2.0 - Grzegórzecka,10754.85159932911,9820.574860560238,12325.232849227988,10238.368958886524,18250.841067303874,10613.77530193276,12752.606019756215
17,2020-02-22,9268.0,11015.219373017426,Ładne mieszkanie 56 mkw przy Parku Wyspiańskiego!,11123.840314235162,10116.78358641671,10814.643903597822,11272.967242135011,11907.127025864058,11137.342309795866,10993.974206418614
18,2020-02-22,10917.0,9551.52960891652,"Atrakcyjna kawalerka z tarasem, ul. Sosnowiecka",9398.196017593098,9522.568892380708,9456.557302428935,9523.07534316955,10863.81911151629,9490.933656559724,9833.469740721413
19,2020-02-22,14629.0,12308.374921429338,"Przytulne dwa pokoje z ogródkiem, Rakowicka 35m2",12425.740558756997,11194.229247974698,11254.768570634036,11658.694600829407,10835.460230840306,12130.936693671916,11353.848685780238
20,2020-02-22,9696.0,7753.180919475344,Mieszkanie 46m Adama Bochenka od WŁAŚCICIELA,7490.086228558575,9239.554339248025,9264.685619066258,8299.761607385653,11070.31619217838,7847.676251806525,9355.558100574797
21,2020-02-22,9126.0,9858.124198296118,3 pokoje/Prądnik Biały/ Banacha/ Nowe-wykończone,9683.991922143756,9143.638166238326,9248.380648713974,9283.252136400573,9050.168524473207,9608.456085613483,9262.660856259748
22,2020-02-22,8556.0,8500.930656111554,"Bieńczyce - 3 pokoje do wejścia, balkon",8580.768097282802,8368.919768256408,8973.065168677122,9179.300790274556,7897.770533273679,8753.666514556304,8498.355496190878
23,2020-02-22,4847.0,6627.028894646615,"4 pok 163m2 Kobierzyńska/ Ruczaj 798.000,-",6560.0264960630875,6509.61870092514,8755.661050137533,6343.985795985836,5407.684075823792,6510.347062231846,6795.827722279578
24,2020-02-22,14500.0,13131.319957421012,Kawalerka inwestycyjna - Retoryka - 32m2,14084.006222030233,14500.100396015685,14976.43394818965,13566.651222260682,11509.519243370616,13593.992467237309,13645.011513703314
25,2020-02-22,10231.0,9030.928350210996,"Kawalerka, 4/4 , 26m Strusia Bieńczyce Kraków",9215.40134415035,8425.696633308438,9552.343237796658,9693.490304421934,9066.889256860382,9313.27333292776,9089.55061522331
26,2020-02-22,8379.0,9447.264569934427,Apartament 4 pokoje garaż Norymberska Zakrzówek,9306.977447687093,9024.304137828598,9103.243504285441,9157.39765179442,10678.867868274681,9303.879889805314,9527.57385004851
27,2020-02-22,7380.0,7930.246842742114,"2 pokoje, 50,5 m2, os. Słoneczne",8357.422791200359,7658.113908941343,8912.140246462184,8460.028644161537,7076.039781274767,8249.232759368004,7973.881674011574
28,2020-02-22,9202.0,9472.251408941655,W pełni wyposażone mieszkanie 5 pokoi ul.Łokietka,9570.055282327663,8959.696255597257,9544.267115119355,9925.466070613244,8233.985569229724,9655.924253960853,9098.468298476797
29,2020-02-22,8750.0,8683.016825417999,Słoneczne mieszkanie z tarasem i własnym ogródkiem,8498.618272406646,8847.432588719632,9065.503153500766,8328.589999556976,9045.909848398784,8503.408365793874,8865.563489103264
30,2020-02-22,13284.0,12431.432752196768,Apartament M4 z ogrodem 126m2 Grzegórzki,12366.483792164463,12228.625630054925,12132.804374005564,11728.280522117166,16384.825445615847,12175.399022159465,13230.41361795895
31,2020-02-22,9797.0,12242.90491727474,"2 osobne pokoje Widok, Al. Pokoju - 44,4m2 balkon",12325.64083250517,11140.214538712338,11944.892635894197,12258.368477054139,9592.008782925714,12275.63807561135,11238.1885082859
32,2020-02-22,9999.0,13410.889599631122,Mieszkanie - Kraków Grzegórzki,13592.303883361546,12352.50005339337,12537.064691146568,12586.811635465603,13401.533276048924,13196.668372819424,12871.941598352072
33,2020-02-22,9089.0,10984.553683271399,Meissnera 3 pok 59m2 od strony skweru,11525.136003341973,9274.36361812945,9266.381165510447,10711.575396431917,10141.69110215534,11073.755027681764,9939.047728369249
34,2020-02-22,9603.0,9280.934341531683,Rozkładowe 2 pokojowe na os. Krowodrza Górka,9597.16752675352,9037.064606889135,9065.84204898004,9329.824544935176,9765.452927017774,9402.642137740126,9317.75043015677
35,2020-02-22,8310.0,8565.23327132827,2 pokojowe 40 m2 z balkonem w Bieńczycach,8695.140418628078,8310.099655081996,9066.128940786997,9294.147995719424,8787.24250899989,8851.50722855859,8753.744583356869
36,2020-02-22,10660.0,7948.1414274483195,Rondo Mogilskie - 5 kawalerek w jednym budynku.,8967.07748244981,10659.900255372513,11064.873005907359,7888.851018787578,10768.037649221169,8268.023309561902,10190.208555015735
37,2020-02-22,12447.0,10525.975690808578,"Ul.Głowackiego ekskluzywny apartament, właściciel",10431.072562208263,10568.284049627193,10011.023437272761,10447.200012127347,12357.77396830465,10468.082755048063,10851.291052563167
38,2020-02-22,11322.0,11920.963139372188,"Dębniki, 3pok, taras, widok na Wawel",11570.314359970625,11570.379080338716,12848.118852082249,11381.451562962167,12047.213448101274,11624.243020768326,12022.488600322642
39,2020-02-22,6642.0,6069.719085327865,Pilnie sprzedam 3 pokojowe. Bohaterów Września,6333.320055084456,7159.585629006118,8912.140246462184,6869.924433813494,8097.6092493437045,6424.321191408606,7648.414079055154
40,2020-02-22,12118.0,13116.118199395725,2 pok (oddzielne) 35 m2 Grzegórzki,13515.871000744524,12799.189047845812,12709.411236183852,13027.442080355746,13140.660176011446,13219.810426831997,12967.267721718275
41,2020-02-22,11145.0,10975.683648760458,Krowodrza | Róg Wrocławska - Prądnicka | 2 Pok.,11642.763964205915,10263.03268586821,9746.097322718015,11269.728835704052,9208.453020001825,11296.058816223476,10128.410461202882
42,2020-02-22,8808.0,9406.025736114272,"Kawalerka do remontu, dz. Bieńczyce",9729.86898359701,8808.09967108475,9578.048813554233,9906.66642475872,9815.280993718583,9680.853714823335,9470.570798295226
43,2020-02-22,8167.0,7280.38308674052,Mistrzejowice Os. Tysiąclecia 60 m2 3 pokojowe,7705.29406400273,7848.751737676852,8912.140246462184,7542.66098939139,9369.357117493728,7509.446046711547,8409.923787086078
44,2020-02-22,9000.0,9402.170666365166,"Mieszkanie Kraków, Górka Narodowa, 2 pokoje.",9402.888864297764,9269.086632323839,8976.979382602953,9021.65121032478,8234.13237347581,9275.570246995903,8938.942158849626
45,2020-02-22,8333.0,7245.727560792504,Duże dwupoziomowe mieszkanie na ul. Tarnowskiego,7073.590601603013,7284.554359751248,8906.157879718075,7232.391168566786,10170.946435741746,7183.903110320767,8386.390446382959
46,2020-02-22,7992.0,7950.053468192709,Przestronny apartament dla rodziny,7850.584714301074,7898.52998763674,8817.323523479972,7766.642963997213,9944.433324110913,7855.760382163666,8629.011804347821
47,2020-02-22,13293.0,12267.278940227714,3 pokoje na Zabłociu,12086.612292376954,11701.588952453698,12707.56756117316,11589.467762959419,10150.336058910822,11981.119665188031,11635.153059431428
48,2020-02-22,9163.0,11955.012286314097,"Kraków, ul. Śliczna blisko Quattro Business Park",12085.199435451084,10281.84270439273,9754.786687757902,11163.837237399533,7571.35265464863,11734.68298638824,9835.666258296875
49,2020-02-22,7143.0,6778.2485996706855,Wańkowicza / kameralne osiedle / 3 pokoje + ogród,6705.356316631069,7142.899829849866,9293.799963549718,6850.239878179671,7485.708690560583,6777.948264827141,7675.089187196827
50,2020-02-22,12500.0,12374.822865411414,"Funkcjonalne 2-pokojowe na Osiedlu Fi, ul.Szafrana",12129.600149675876,11216.095161881494,10163.28594519354,12033.589596793243,10340.707704424702,12179.337537293512,10974.856587198312
51,2020-02-22,15411.0,13243.32585032451,Skawińska cicha i spokojna część Kazimierza.,13066.995909067275,12187.754433251393,13151.027659081728,12456.278528657062,10768.037649221169,12922.200096016284,12257.254959392643
52,2020-02-22,8800.0,8869.572451979266,"Komfortowy apartament, Podgórze ul. Limanowskiego",9768.244518226094,9858.114638627134,12697.16031361862,9200.434827635361,10687.7945372778,9279.417265946906,10630.621688867614
53,2020-02-22,11985.0,12781.085094029824,"3 pokoje, 65m2, Zabłocie, Romanowicza",12690.209394906451,12008.169871856866,12755.271992067468,11972.291781108977,9760.370153264781,12481.19542334842,11751.251860134384
54,2020-02-22,9443.0,8935.732339980594,Piękne i przestronne 3 pokoje przy ul.Stańczyka,9183.233239689203,9126.116141570299,9101.931379659782,8672.548325609472,9221.654154158676,8930.504635093092,9095.051577620463
55,2020-02-22,9323.0,11167.869148294416,"Krowodrza, ul. Wrocławska - 2 pokojowe",11798.934481357432,9489.814219728636,9739.593014872475,10973.951982135977,9711.371772787876,11313.585203929275,10063.591052829564
56,2020-02-22,8683.0,10111.57333309629,Do sprzedania 3 pokojowe mieszkanie ul. Majora.,10065.00264167113,8872.599618359807,8929.654096516122,10202.581460814708,9509.871059436491,10126.38581186071,9359.627646543282
57,2020-02-22,7600.0,7785.314019288272,"4pok+salon, 2 łazienki, 2 balkony, ok.29 Listopada",7349.6992150904825,7600.099804114547,9153.563925731762,7411.589876650362,8721.456488101625,7515.53437034304,8247.663647072743
58,2020-02-22,7528.0,8130.8654807821595,2 pok. /53m2/Podgórze/Kurdwanów/ul. Bujaka,8087.082986578305,8256.411036543052,8960.67441225067,8401.966026386752,7573.550240682691,8206.638164582406,8249.318463514704
59,2020-02-22,11000.0,12521.248383588198,cesja praw ul. Wadowicka 2 pokoje !!!,12361.416730606259,11622.303808709366,10500.02733688911,12013.070757321731,9556.076778981713,12298.57862383873,10994.24663710473
60,2020-02-22,8100.0,10015.657152740687,2pok os kuchnia balkon Prąd. Biały/ok.29 Listopada,9580.607517272389,9119.023155506193,9265.894498767912,9799.646101867314,8307.587766861532,9798.63692396013,9122.785586273942
61,2020-02-22,9068.0,9923.859743006446,"Krowodrza, Prądnik Biały Azory, Przytulne 3-pokoje",10469.284281872422,9073.46964871389,9553.216193973974,10171.061408773134,10018.99257653056,10188.068477884,9708.436724275605
62,2020-02-22,7980.0,8302.048754660795,Os Teatralne - 2 pokoje do wejścia,8740.788521574214,7898.994958428545,8912.140246462184,8714.837264617758,9055.331844569419,8585.891513617587,8613.089640769434
63,2020-02-22,6756.0,8798.840641314186,Drugi Etap! Zielonki- KrK!! POPIELATE WZGÓRZA 2.0!,8693.331859889624,6756.103929628416,9229.466272608895,7727.008578297604,10768.037649221169,8406.393693167136,8790.000386156404
64,2020-02-22,14167.0,9041.635370879018,JABŁONOWSKICH >>>> apartament tuż przy Plantach,9656.38091876908,14166.899938193197,9630.789840169295,8893.641945271418,13925.151413318636,9197.219411639839,11730.01515083024
65,2020-02-22,11883.0,8707.666278973877,3 pokojowe mieszkanie przy ulicy Naukowców,8722.689250056328,8889.574352349604,9246.980122662833,8645.982947165492,11126.529730587128,8692.112825398564,9488.799257749533
66,2020-02-22,13313.0,12473.106842647145,Apartament ul. Rakowicka Novum II garaż w db cenie,12619.082649976215,11439.83411761666,11519.77733653233,11850.106609904187,10115.16283482803,12314.098700842515,11347.218247454883
67,2020-02-22,7313.0,8304.42671570944,"3 pok. 72 m2, Górka Narodowa, Prądnik Biały",8223.753057342637,8476.44751304322,8979.588788355746,8010.230154373645,8034.215821439766,8179.469975808574,8417.430524661826
68,2020-02-22,8992.0,11744.788861651095,"3 pokoje w doskonałej lokalizacji, ul. Kapelanka",11763.05050756531,10476.271538096953,11199.285609681918,11380.440977028848,9556.076778981713,11629.426782081753,10715.265177210584
69,2020-02-22,8000.0,8539.49258726552,"Dywizjonu 303/Czyżyny 3-pokojowe,ustawne",8549.832145729288,7892.830771279967,8912.140246462184,8712.334865232113,10155.03517306173,8600.553199408974,8890.139847553213
70,2020-02-22,6848.0,7601.318145346538,"Dębskiego, Opatkowice 4pok 66m2 Do Sprzedania",7303.569842053319,8492.432998991764,9229.466272608895,7118.724696705099,10718.756423084518,7341.204228034985,8945.46498068004
71,2020-02-22,6588.0,10567.401206420847,Mieszkanie przy R. Matecznego 85 m2 za 560 000 zł!,10501.154684974492,10010.50427513533,11140.994603678384,10313.956109414905,8891.210422043447,10460.837333603415,10125.886658615145
72,2020-02-22,13317.0,12451.799983745565,1 Pok. | Rakowicka | Novum II | Stare Miasto |Eng.,12548.557637906502,11448.200307639072,11519.77733653233,11850.106609904187,16880.146390218426,12283.488077185417,13032.90302789381
73,2020-02-22,8444.0,9295.157273001523,"Kozłówek - możliwość zrobienia 3 pokoi, do remontu",9877.545250884546,8682.925209600204,8947.359592919545,9203.682393049807,8780.587230581661,9458.794972311958,8967.416751353341
74,2020-02-22,10999.0,10299.61217217168,Aleja Pokoju | 8 minut do centrum | 2 Pok | Garaż,10072.305672002974,9613.013299745156,9478.732860122172,10146.442850828988,8523.009841499312,10172.786898334547,9446.885724925298
75,2020-02-22,23935.0,11361.93977096418,Rynek Główny | Bracka | Inwestycyjnie | Eng,12266.97248190209,12167.813194308348,16556.243158941023,11614.080752319156,16550.411927867426,11747.664335061809,14255.533154044653
76,2020-02-22,8142.0,10429.15179531752,3-Pokoje 50m2 ul.Odrzańska,10834.085926532072,9160.205882514589,8948.568472621198,10419.414546004737,9556.076778981713,10560.884089284777,9556.43380585057
77,2020-02-22,11915.0,11814.157170943188,"Trzypokojowe mieszkanie, 47m2, Szafrana",11689.761228861475,10531.872529903576,9726.010489211903,11612.483176828728,10376.44813601565,11705.46719221113,10584.949586835564
78,2020-02-22,7500.0,8552.19413290689,"Prokocim - 3 pokoje, cicha i spokojna okolica",8657.839177408203,8066.622726437585,8912.140246462184,8876.756324297949,9760.370153264781,8695.596544871014,8858.682417758891
79,2020-02-22,9032.0,8797.620793109858,"Słoneczna kawalerka z balkonem w Hucie,D.H. Wanda",8944.094465346481,8180.99396829061,9552.343237796658,9187.3942786457,10271.647552318067,8976.369845700678,9245.338651026505
80,2020-02-22,9098.0,9359.92174315762,Krowodrza Apartament 2-poziomy Wichury Wrocławska,9296.248202688694,8923.00117470046,9540.397381743975,9118.257853703528,12322.697316596934,9258.142599849947,10011.05961822283
81,2020-02-22,16296.0,10056.560816430128,Wykończony apartament Nadwiślańska 135 mkw,9745.595039500695,9789.013785862531,11964.66964209195,9271.398210466248,12729.662161705211,9691.184688799025,11043.63256961468
82,2020-02-22,5678.0,8498.392343568486,Przestrzenne 4 pokoje 92m2 Podgórze Duchackie,8450.20027941753,8012.000848156264,8836.237899585049,8459.452366932526,8090.390722237929,8469.348329972847,8351.994449988022
83,2020-02-22,12288.0,12720.615290688926,"Sprzedam mieszkanie 52m2, Dębniki ul. Bałuckiego 5",12963.073556691828,11715.154925528013,12885.243242026449,12430.389372691961,9600.527362388628,12704.69274002424,11726.40456749183
84,2020-02-22,9593.0,10060.07627306953,Mieszkanie gotowe do zamieszkania przy ul. Fredry,9955.106991626404,9126.44028530396,8978.188262304606,9751.174252012048,12962.834450427883,9922.119172235994,10247.39554256811
85,2020-02-22,7867.0,6913.697146111332,Mieszkanie - Kraków Opatkowice,6466.72865999649,7668.131830830795,9229.466272608895,6898.075861725607,9578.775173020798,6759.500555944476,8308.96845810124
86,2020-02-22,8597.0,10781.261312500861,Cegielniana 3 pokoje duży balkon,11226.24998257499,9330.190423321566,8948.568472621198,10702.562473386566,9592.008782925714,10903.357922820805,9693.531400422322
87,2020-02-22,12873.0,10730.119374274444,"Ciche mieszkanie w centrum ul. Wrocławska, GOTOWE!",10512.45964122328,10006.009507588162,9946.689746331938,10534.706720856899,11196.477345385518,10592.428578784873,10435.401294522622
88,2020-02-22,14000.0,12902.176976457355,Pl. Bohaterów Getta 49m2 budynek z 2009r winda,12772.241970872106,12272.935793544979,12307.828348130222,12389.799258173724,9364.608426545095,12688.072735167729,11658.361325847007
89,2020-02-22,8394.0,9994.740358369367,2 pokoje-Krowodrza-ul. Siemaszki,10423.601560788049,9539.31335729502,9627.61486665752,10334.430645675891,9769.261013439027,10250.92418827777,9796.778356417333
90,2020-02-22,16269.0,10641.654035096726,Apartament z balkonem przy Plantach i UJ,10174.810673710066,9468.262772318172,9229.466272608895,9544.442776125668,12687.279722266085,10120.302494977486,10376.32781554266
91,2020-02-22,11053.0,10297.303469989109,"Mieszkanie inwestycyjne do aranżacji, Pawia",11071.000832215159,10657.42377384628,10883.3836005534,10763.025947749476,10327.166909878999,10710.44341665125,10644.604425232483
92,2020-02-22,8657.0,9225.63565803312,"3pokoje , jasna kuchnia po remoncie Prokocim!",9480.958501554205,8548.400408638849,8912.140246462184,9360.64588323899,8926.243522457858,9355.746680942104,8935.632714625248
93,2020-02-22,18107.0,10842.456466464788,Wiślane Tarasy 2.0 - nowy ekskluzywny apartament,10628.262564730305,10083.307616900507,12444.459612885265,10484.52480255669,18250.841067303874,10651.747944583927,12857.589060418393
94,2020-02-22,11864.0,11877.278690595007,Angel City ul. Pawia / ul. Szlak 2 pokoje,11938.501263368935,11465.113143815783,10969.362079181195,11413.826778603727,9351.783404698643,11743.202244189224,10882.365217971212
95,2020-02-22,6667.0,8616.496748123607,"Mieszkanie Prokocim Nowy, Teligi, 57m2, 4 pokoje,",8772.21149875348,8090.860074395017,8912.140246462184,8991.603529742817,9368.780640059262,8793.437258873302,8791.304554947441
96,2020-02-22,10736.0,10090.951951835032,ul. Mazowiecka- 4 pokoje na 1 piętrze,10340.79605074237,9311.956939649748,9648.04049436315,9953.147427638112,9946.042684627753,10128.298476738504,9758.58464884479
97,2020-02-22,7137.0,10139.428213004403,"Kobierzyńska, Ruczaj, 73m2, 3-pok. oferta prywatna",10037.577050412681,9512.41471283358,9321.706530951431,9934.554846150264,8126.084887517622,10037.186703189116,9249.348208622938
98,2020-02-22,11533.0,9882.824813962632,Wola Justowska- Morelowa,9803.602321091428,8512.89313130549,8912.140246462184,9421.386625897367,8816.584545059963,9702.604586983807,8986.055627452863
99,2020-02-22,9941.0,11038.81617000449,"Płaszów, 2 pokoje, balkon",11064.618503580568,9914.972002220982,9057.937215083359,10864.95564569922,9592.008782925714,10989.463439761426,9888.59535999787
100,2020-02-22,10917.0,9551.52960891652,Apartament Sosnowiecka wykończony,9398.196017593098,9522.568892380708,9456.557302428935,9523.07534316955,12562.067342587718,9490.933656559724,10258.031798489272
101,2020-02-22,12000.0,12260.335364960867,Sprzedam mieszkanie bezpośrednio- 46m - Rydlówka29,12073.19555261414,11101.27601188458,10250.046636059546,11736.237549552361,9722.451434973698,12023.256155709123,10774.257559656737
102,2020-02-22,10490.0,12137.239372680155,NOWE**ZAM**Kraków ul.Rydlówka Podgórze*OKAZJA!,11959.238392351568,11081.912870072081,10268.961012164622,11544.825540477581,8332.60120007978,11880.434435169767,10390.977379371561
103,2020-02-22,7671.0,10189.862131684673,Mieszkanie 73m2 s.deweloperski Bonarka ul.W.Sławka,10085.578677662643,8366.705116330864,8948.568472621198,10187.487779974168,10172.154761732581,10154.309529773827,9410.434470114618
104,2020-02-22,7407.0,9402.270229073005,Mieszkanie 2-pok z garażem - Solvay Park,9787.434654315395,8630.72473521447,8931.05462256726,9486.11016641459,6861.514875492472,9558.605016600997,8495.4748124688
105,2020-02-22,13592.0,11356.362812381292,"Nowoczesne,4-pokojowe mieszkanie, Kazinierz",11337.912278754644,10858.554480777677,12053.848429596665,10596.970612285588,11630.057581541261,11097.08190114051,11409.885598264027
106,2020-02-22,8942.0,8927.583768743747,Krowodrza Górka~3 niezależne pokoje~2 min do MPK,8894.624659436971,8812.991638252193,8912.140246462184,8977.986833455738,9587.297857996844,8933.398420545485,9061.457040814177
107,2020-02-22,7100.0,7398.765306437611,Nowe 3 pokojowe mieszkanie - zielone Mistrzejowice,7493.859667782122,8218.972216427248,9248.380648713974,7147.690656778981,9999.954979019592,7346.771876999571,8703.519930290096
108,2020-02-22,12000.0,11764.20126898393,"Dwupokojowe mieszkanie, 40 m2, Janickiego",11847.119432506635,10719.500238672921,9722.331855447279,11359.883002488037,10246.52716300636,11657.0679013262,10586.35678961319
109,2020-02-22,8378.0,8327.983622008705,"Trzypokojowe mieszkanie, 74m2, Strzelców",8222.236504062968,8378.10011253059,9066.419137032899,8355.85996587908,10376.44813601565,8302.026697316918,9030.748520724015
110,2020-02-22,9190.0,8980.091884164967,"Kraków, Bronowice, ul. Gabrieli Zapolskiej",9166.321498227271,9190.100031891294,8948.568472621198,9105.981261205905,10301.408336906276,9084.131547866047,9381.052097321204
111,2020-02-22,8290.0,8758.87641480137,Apartamenty| Borek Fałęcki |3 Pok | Eng,8334.704800550886,8368.813727960387,9229.466272608895,8738.512691248305,9950.720503255056,8610.697968866853,9039.924618172798
112,2020-02-22,7790.0,9359.911698853959,Apartamenty| Borek Fałęcki |2 Pok | Eng,9035.563819554287,8915.280422850685,9364.253699021674,9223.933546261947,9950.720503255056,9206.469688223398,9359.181078337704
113,2020-02-22,13851.0,13409.43960062915,Stare Miasto - Retoryka - idealne na inwestycje,13940.096489720068,13454.552726939039,13099.834180425214,13771.844895988845,14175.031775566738,13707.12699544602,13609.136419594251
114,2020-02-22,7300.0,8987.812580969223,"Bieżanów - ul. Działkowa, 3 pokoje",8646.536588068808,8260.92081179133,9229.466272608895,8873.46156268194,9556.076778981713,8835.936910573324,8970.600193488815
115,2020-02-22,11382.0,12449.131608335885,"Grzegórzki - Bobrowskiego, idealne pod wynajem!",13248.302032326206,12474.5233169257,12424.680597275245,12612.460844681624,14590.795752249294,12769.964828447904,13064.991123724536
116,2020-02-22,9680.0,9405.802538464202,Kawalerka Bieńczyce,9499.835425903639,8684.646970010755,9578.048813554233,9944.948826573675,9864.562219855234,9616.862263647172,9436.030066766849
117,2020-02-22,6686.0,10493.652404655142,"3 Pokoje, Jasna Kuchnia, Balkon",10598.447490076249,9722.817441541209,9039.364329066793,10678.878952983474,8858.320963382423,10590.326282571623,9552.70725414051
118,2020-02-22,10351.0,12360.015571890197,"Mieszkanie z ogródkiem ul. Myśliwska, Mały Płaszów",12085.715923746946,10524.305892768629,12138.243112214222,11794.79498491094,10255.095702544688,12080.175493516028,11249.455050260893
119,2020-02-22,9184.0,8771.025924959638,Przytulne do wprowadzenia 51m Chełmońskiego,8650.797766544567,9184.099606970507,9047.504760927823,8675.589406772931,11127.273545054291,8699.137699425713,9514.503903094585
120,2020-02-22,10619.0,9573.672391212793,Mieszkanie 3 pokoje wysoki standard Prądnik Biały,9450.626876051547,9776.705688341965,9820.484877085471,9692.531386086015,12196.357235018251,9572.276884450117,10341.456171223952
121,2020-02-22,9357.0,10450.860624891327,"Kraków, Kazimierza Wlk 70m2 od właściciela!",10513.318613705864,10166.966148550355,10613.049807100626,10402.711851971433,10664.232742389047,10455.630363522876,10474.969765390724
122,2020-02-22,7903.0,7766.251089882517,"Okazja! Mieszkanie 62m2. Krakow, ul. Halszki.",8077.85358673623,7942.505715424773,8912.140246462184,7845.804253443946,10172.154761732581,7896.636310020898,8730.85925841011
123,2020-02-22,13871.0,13187.266057200819,Grzegórzki Nowe Słoneczne 2 Pok/Oddzielna Kuchnia,13014.5591053271,13267.14664507985,12700.484451188675,12747.980547106567,11801.330177783113,12983.268569878162,12688.05746098245
124,2020-02-22,9000.0,7625.60109310515,Słoneczne Ciche Duże Balkon Taras Komórka Dębniki,7451.6695166105155,8161.21894704076,8960.67441225067,7334.79504953325,9318.798878085508,7470.688553082972,8477.845197614977
125,2020-02-22,10228.0,9046.332788178355,"Przytulne, do wprowadzenia 39+16 m2 Chełmońskiego",8926.174392495204,9479.581748704639,9182.2921873406,8970.363900748092,10997.352572045002,8980.95702714055,9660.045883807697
126,2020-02-22,10228.0,9046.332788178355,"Przytulne, do wprowadzenia 39m Chełmońskiego",8926.174392495204,9479.581748704639,9182.2921873406,8970.363900748092,11127.273545054291,8980.95702714055,9692.52612706002
127,2020-02-22,13026.0,12758.454803106299,"Kazimierz / ok. Św. Wawrzyńca 38m2, 2pok, IV p !",13480.962483577101,12471.438626065494,13035.218713414815,13085.326730257726,13581.7763178497,13108.248005647043,13049.170415744262
128,2020-02-22,8868.0,7820.16180435973,"Mieszkanie 3 pokojowe 53 m2 Kraków, Opatkowice",6522.29731929429,8867.900510300065,9229.466272608895,6961.624648738434,8835.851723852069,7101.361257464152,8508.644941056295
129,2020-02-22,7061.0,10156.050683602747,"Mieszkanie 3 pok. + kuchnia, 66m2 ul. Kobierzyńska",10391.073543514636,9063.327498051209,8929.654096516122,10035.940627020189,8118.252338960734,10194.35495137919,9076.397221226813
130,2020-02-22,11421.0,11237.065032334316,5 Pokoi 113m2 + balkon | Stare Miasto | Sebastiana,10924.26356075511,11333.154841378011,12249.359416212264,10613.223815600086,11678.535307078773,10924.850802896506,11546.475091891389
131,2020-02-22,8605.0,11810.369356727706,Nietuzinkowe mieszkanie na Sprzedaż ul. M.Domagały,11413.74246424122,10056.030335095651,9283.076351859618,10473.608180394487,11064.275888167927,11232.573333787805,10408.98897722775
132,2020-02-22,16316.0,13709.956488567892,"Wawrzyńca ekskluzywne mieszkanie 38 m2, 2017 rok",13569.581641620123,13264.176650164063,12827.599160327047,13062.202170755887,10246.52716300636,13447.2467669813,12446.387435119692
133,2020-02-22,8725.0,9805.35853216019,"Mieszkanie na sprzedaż, Kraków, Prądnik Czerwony,",10015.433789276129,9350.324326810185,9517.714967763339,10144.263727502665,8932.58695213459,9988.352016312994,9447.244565755278
134,2020-02-22,8500.0,9379.342082871548,Gotowe mieszkanie |Kraków |Pachońskiego |Bezpośred,9440.88473101119,9291.140886706084,9265.894498767912,9148.842194269071,11055.652017121833,9323.023002717271,9733.927601328274
135,2020-02-22,8119.0,9531.569561042195,KROWODERSKICH Zuchów 5 Niezależnych pokoi K GÓRKA!,9793.552979826934,9246.13388310012,9627.61486665752,9685.393952958299,8492.893153129711,9670.172164609145,9259.203516874124
136,2020-02-22,10171.0,12182.629218207663,*Nowa INWESTYCJA*Świetna lokalizacja!! Łagiewniki,11959.336923211651,11163.809366682646,9936.393170995241,11790.000598575349,11141.18511965224,11977.322246664888,11054.677475998753
137,2020-02-22,9107.0,9566.134543726133,"Kawalerka, 28m2, Kraków Kliny ul. Borkowska, 2010r",9374.93460183128,8927.761099806597,9806.667367104987,9448.78020100886,10507.552906092697,9463.28311552209,9676.316122131593
138,2020-02-22,8116.0,10097.484096206672,Okazja! Mieszkanie na Azorach ul. Weissa 2 pokoje,10271.794292321434,9255.82659599828,8983.264175766844,10166.659428418665,9554.453171422234,10178.645938982258,9493.047470542404
139,2020-02-22,11160.0,9787.887323345549,"Kozłówek - kawalerka po remoncie, mpec",10185.24114097635,9395.502221701938,9552.343237796658,9969.330429348925,10401.412936150595,9980.819631223609,9832.5195067182
140,2020-02-22,5098.0,6012.915435917236,Mieszkanie cały segment Kraków Zielonki z ogrodem,5907.497174014059,6253.68354750139,9117.135699572747,5776.534724292272,9578.775173020798,5898.982444741189,7712.144216209032
141,2020-02-22,13284.0,12061.170120005512,4 pok|Cystersów Garden/Grzegórzki |OGRÓDEK 126 mkw,12273.257794291683,10646.58450527402,10464.89737135765,11065.15063056819,13438.175968138228,11799.859514955127,11587.379339931256
142,2020-02-22,10911.0,9161.643994948421,Do wprowadzenia 38m Chełmońskiego,9091.350535448295,9548.027581929584,9182.2921873406,9014.77148685344,10135.124408290872,9089.255339083385,9488.674879161112
143,2020-02-22,18114.0,12997.474261695597,2 Pokoje W Apartamentowcu Pianissimo,12875.813745517095,12209.803186553861,11940.013766191536,12433.100609807261,9760.370153264781,12768.796205673318,11669.745827920873
144,2020-02-22,9501.0,8854.052810761485,"ul. Czarnogórska 18, 57 m2 dwa balkony + garaż",8806.565719637549,8518.834406453298,9065.503153500766,8845.481484565664,9005.952171737783,8835.3666716549,8856.414100836686
145,2020-02-22,10074.0,10127.850852122809,"Kawalerka, Pachońskiego, gotowa do odbioru.",10139.747455975941,10077.56943746156,9949.293372455326,10029.337436013057,11460.238017233967,10098.978581370602,10396.519852130365
146,2020-02-22,7954.0,10689.761886440312,Os. Na Lotnisku Nowa Huta Bieńczyce 2 pokoje,11125.373942796898,8704.940810201822,9083.355899033975,10704.18967505198,4801.606861413146,10839.775168096397,8357.419684686334
147,2020-02-22,8684.0,11660.987584685656,"Sprzedam 2 pokoje Centralna, gotowe do odbioru",11512.580587037432,10165.718959502938,9771.490225288358,11086.49712370268,10533.969070187213,11420.021765141923,10472.800005030109
148,2020-02-22,11255.0,12561.009283675296,3-pokojowe mieszkanie przy pl. Bohaterów Getta,12281.045286191355,12160.923788822507,12291.28973460976,12011.56912824196,9723.100507911055,12284.54123270287,11614.963816011546
149,2020-02-22,9499.0,11782.657829957661,"2 pokoje, osobna kuchnia, 63 m2, Kraków Rydlówka",11863.568691457549,10470.436329185539,10086.999500483547,11085.436718698109,8099.088397717351,11577.221080037772,10058.436326856052
150,2020-02-22,18279.0,13113.192065038198,"Piłsudskiego, 2 pok, antresola, WYSOKI STANDARD !",14034.039985200445,13992.141207407054,15854.821512786437,13546.768894261188,13222.110588906557,13564.666981499942,14158.435072649998
151,2020-02-22,10351.0,11582.360821169028,Mieszk2pok z ogródkiem 37m2.Myśliwska-Mały Płaszów,11589.090057774774,10314.487147715,9381.767549075612,11065.938255227738,10850.978590033275,11412.463044723847,10489.924082886933
152,2020-02-22,6902.0,9202.963692054223,Mieszkanie idealne na inwestycje ul.Białoprądnicka,9353.616320887513,9047.57640695211,8929.654096516122,9249.892630175376,10562.120667378622,9268.824214372371,9452.043846304805
153,2020-02-22,14796.0,12260.069095273442,"Luksusowy apartament Stare Miasto, Lubicz, Bosacka",12032.85594136769,12498.118640047509,11437.722847353203,11972.489996687982,15579.095563287246,12088.471677776373,12900.852182116083
154,2020-02-22,7593.0,8072.772282985456,4 pokojowe po generalnym remoncie os.Strusia,8206.949068419892,7775.214365365644,8912.140246462184,8621.583053603168,8391.171783282996,8300.434801669506,8344.740299195084
155,2020-02-22,10500.0,10328.179488662685,"2 pokojowe 52m2 przy ul. Łokietka, Krowodrza",10477.034075371046,9639.074456236249,9592.80128090784,10093.90863859905,11527.010103966893,10299.707400877594,10264.648310497145
156,2020-02-22,12760.0,12254.61470286801,"Rydlówka: 3 pokoje, balkon, winda - do wejścia!",12067.473440906073,11096.28374971272,10250.046636059546,11730.112365261968,9542.727556789063,12017.400169678682,10726.614528060003
157,2020-02-22,9383.0,8534.045443541661,"Wielicka Park: wysoki standard, 2 balkony, garaż",8454.699241207865,8829.702207351025,9330.228189708734,8432.505939174303,10919.735404649467,8473.75020797461,9388.354002420958
158,2020-02-22,13792.0,14000.231908475333,"31m2 , Wysoki Standard, Plac Bohaterów Getta,",13755.83125525516,13355.665221741936,12941.450446714889,13393.087281504502,13138.895969459041,13716.383481744997,13288.098779915215
159,2020-02-22,14929.0,12213.020026535147,Bezpośrednio• Topolowa• Inwestycyjne• Krótki najem,12740.81892520884,11837.766928801946,11345.440189745457,12332.26008670509,10768.037649221169,12428.699679483025,11594.9861118129
160,2020-02-22,6497.0,10392.143608824797,2 Pokoje - Nowa Huta - Gotowe,10285.799278168019,9285.070221803795,9350.449741554936,9993.313243569164,8189.231905942235,10223.75204352066,9262.125978205408
161,2020-02-22,5148.0,5999.544183099369,Wyjątkowy przestronny apartament Bieńczyce 135m2,5812.602389923162,5148.099721023749,9062.26442588281,5733.88462692852,8299.47630059553,5848.677066650351,7089.629378538109
162,2020-02-22,7830.0,10411.895472213539,"Osiedle Na Lotnisku, 2-pok, 36 m2",10468.1196647593,8468.464662822998,9083.355899033975,10682.36870601747,7433.206515925164,10520.794614330103,8876.45542302806
163,2020-02-22,6102.0,8889.724163051005,2 pokoje na Prokocimiu,8985.44405525814,8273.141096696252,8912.140246462184,9228.954420995544,10150.336058910822,9034.707546434896,9092.581237126038
164,2020-02-22,9439.0,9599.712607153091,Nowe budownictwa ul. Wielicka,9560.461478737374,9439.09958889099,9330.228189708734,9485.271989085591,10800.253594101483,9548.48202499202,9779.515849423307
165,2020-02-22,9850.0,10920.917522108773,3 pok. ul. Loretańska - Stare Miasto do negocjacji,11525.522223081547,11186.797780489313,12845.972915572464,11067.639985389376,12211.27666627242,11171.359910193232,11853.851818131858
166,2020-02-22,7480.0,7981.48054440253,"Magiczne 50 m2 dla rześkich duchem, Wysłouchów",7918.833751124445,8142.566698586281,8928.013007956437,8363.953591015454,9711.536830647583,8088.0892955141435,8717.55145817611
167,2020-02-22,8732.0,8599.829854775231,"Kraków, Bronowice, Jabłonkowska",8742.378716519132,8732.099739438307,8948.568472621198,9287.872136368384,10505.701711189344,8876.693569220915,9265.765873117442
168,2020-02-22,8591.0,10088.557110929167,"Chopina, Lea, duże 3pok mieszkanie, Park Krakowski",10910.103262475142,10163.188817877508,10777.24081293848,10193.285887979377,8597.39583862022,10397.31542046123,9983.78522247436
169,2020-02-22,7600.0,12550.984365817341,Apartament z ogródkiem Wola Justowska Zakamycze!,12067.874681256393,8017.194175248549,9229.466272608895,10677.424402292607,10693.55517923862,11765.427816455447,9926.410860887878
170,2020-02-22,10071.0,10342.210397684099,"Krowodrza, Prądnicka okol, 2 pok, kuchnia,balkon.",10755.963035642659,9913.29630734606,9720.678638767398,10660.49995275771,8758.958090567568,10586.224462028156,9744.789374677295
171,2020-02-22,8511.0,10767.809397311376,"3 pokojowe z balkonem, 47 m2 na os. Cegielniana",11173.592587029776,9411.524632665432,8948.568472621198,10720.172378221447,8521.45133208722,10887.191454187532,9442.183972890345
172,2020-02-22,17079.0,13231.009796274313,Grzegórzki Park komfortowe studio centrum,13029.122539788448,13309.255631870368,12725.903135139295,12836.030071280966,12396.077094954675,13032.054135781242,12865.822499436395
173,2020-02-22,6500.0,10392.5011502056,Zostało Tylko Jedno! | 2 Pokoje | Nowa Huta | Eng,10286.156910149772,9285.41958306428,9350.449741554936,9993.696067587312,12494.729340487454,10224.118042647562,10338.679176938558
174,2020-02-22,8077.0,9329.840242353115,"ul. Narutowicza, ustawne dwupokojowe mieszkanie.",9579.452441760337,8900.532781893193,9247.466789405371,9544.016523296075,10172.154761732581,9484.436402469843,9451.147683875246
175,2020-02-22,9583.0,10161.537162273738,Nowe mieszkanie ładnie wykończone Prądnik Biały mo,10090.968177611701,9944.202173830023,9801.570500980395,10017.93180151331,9666.246507224078,10090.145713799584,9875.54122395852
176,2020-02-22,10800.0,9257.316291907213,Na sprzedaż 2 pokojowe mieszkanie Krowodrza Górka,9372.894453873538,9109.813945705371,8979.588788355746,8870.435723155706,10531.77571716027,9166.882156312153,9447.015151883385
177,2020-02-22,8242.0,8673.662268262204,"Kozłówek, 2 pokoje, balkon",8971.497699740139,8373.16505304916,8928.445216814469,9184.541192142327,9592.008782925714,8943.233720048223,8959.213193209393
178,2020-02-22,11053.0,11315.083870504031,"Piękne mieszkanie 76m niedaleko Zakrzówka, Ruczaj",11039.260238954817,10096.542903941945,11849.496852475037,10705.571864661337,11087.124776536231,11019.971991373395,11013.284131081653
179,2020-02-22,8151.0,10229.217164217353,"Prądnik Biały, Park Dorożki. Standard Deweloperski",10007.694560494756,10216.700172985915,9929.853619547634,10315.003239597369,8150.999933237954,10183.971654769826,9620.38134513533
180,2020-02-22,8147.0,11137.322503875557,"Pokój z kuchnią 34m Nowa Huta, Plac Centralny",11629.68417677348,9357.157804408696,9501.972638209256,11239.626730963444,6834.518552051162,11335.544470537492,9257.298366301653
181,2020-02-22,9982.0,11253.692933820757,"Nowe budownictwo, Wola Duchacka, 2-pokoje",10983.3232261141,10077.414303682232,9285.234036636974,10851.925634904388,8045.426368266957,11029.647264946414,9609.430493383144
182,2020-02-22,7350.0,9009.119439870803,Apartamenty Działkowa C12-do odbioru VI 2020,8717.061600138517,8348.632024052442,9229.466272608895,8873.46156268194,5439.279601700709,8866.54753423042,7970.981358148116
183,2020-02-22,7350.0,8992.314994973038,Apartamenty Działkowa C15-do odbioru VI 2020,8700.252896996077,8334.68584233971,9229.466272608895,8855.46883382891,5439.279601700709,8849.345575266008,7963.19432297883
184,2020-02-22,12330.0,12637.614026143563,Mieszkanie do wprowadzenia - Rondo Matecznego,12660.92988439741,11748.907077564134,12025.60942016171,12419.488209237483,10263.32864728082,12572.677373259487,11652.630629566538
185,2020-02-22,7101.0,11038.78668886866,ZIELONKI !! Popielate Wzgórza 2.0!! II ETAP !!,10957.176429535924,10362.994550788782,10343.159524878576,10624.093873807671,9400.958494101198,10873.35233073742,10245.116225126494
186,2020-02-22,12037.0,11715.652728485788,"Kraków, Krowodrza- Łobzów - ok. ulicy Wrocławskiej",11451.73952028429,10692.12240270192,10576.36830444807,11512.822087229024,8648.497131144264,11560.071445333035,10369.264820906823
187,2020-02-22,8750.0,9301.582893552331,Mieszkanie 2 pok. 40m2 z 2007r. ul.Okulickiego,9255.330622586596,8946.210679175383,9114.376214768523,9423.912869543778,8851.940158504023,9326.9421285609,9059.867295252207
188,2020-02-22,23755.0,9906.148504235442,Piękny Apartament - Rynek Główny - Inwestycyjnie,10857.37995198238,10630.667529759268,12987.242446388827,10376.208852675647,12562.067342587718,10379.912436297824,11639.97243875841
189,2020-02-22,8958.0,8627.069545474662,3 pokoje + kuchnia - 6m balkon - Krowodrza Górka,8683.107119538201,8958.099954382247,8931.05462256726,8947.000526785618,8734.529894251136,8752.39239726616,8844.0192171167
190,2020-02-22,8242.0,8673.662268262204,"Kozłówek 2-Pokojowe 45,5M2 Z Balkonem",8971.497699740139,8373.16505304916,8928.445216814469,9184.541192142327,8917.16348200918,8943.233720048223,8790.501867980258
191,2020-02-22,9786.0,9343.935454457456,Sprzedam mieszkanie 3-pokojowe ul. Reduta Kraków,9161.119243399788,8848.594623046369,9246.980122662833,9202.397698374449,8107.482621536339,9235.817465410566,8859.718708164026
192,2020-02-22,14444.0,12458.493747052757,Sprzedam mieszkanie Kraków ul. Św. Wawrzyńca,12899.47971041343,11780.177706170542,12394.40680052821,12449.683741716592,8720.485097695779,12602.552399727594,11374.405501030531
193,2020-02-22,12500.0,11530.716469880186,2-pokojowe Rydlówka,11392.416954902521,10504.704969458713,10017.334674383768,11238.566325957934,10155.03517306173,11387.23325024688,10516.077016787773
194,2020-02-22,10804.0,12599.985645318497,Wykończone mieszkanie aleja Pokoju 44 mkw,12339.97386357544,11847.733616876445,11840.349367194143,12141.388707977207,10544.042955133142,12360.449405623716,11648.143836206862
195,2020-02-22,13281.0,11379.669474531549,Przestronny 2/3pok 64m2 ul. Szlak Angel City,11391.476604893898,11343.217909539302,10995.067654938772,11088.003771495863,8752.95084799736,11286.383283640438,10594.404924028968
196,2020-02-22,9788.0,10652.119758032564,Żabiniec 4 pok po remoncie dla inwestora,10743.555807026374,9887.566465646743,9676.149032446005,10400.865296479791,8339.71673877259,10598.846953846243,9625.569797677894
197,2020-02-22,5760.0,7921.667171616713,"Myśliwska Park, segment A, MD8",7467.32661263489,5760.099994023665,11451.660045999894,7195.930054880281,8573.31899192655,7528.307946377295,8328.346744581851
198,2020-02-22,7484.0,7409.309354284813,"Bieńczyce: 4 pokoje, doskonała lokalizacja",7610.511557358695,7400.4518706527015,8912.140246462184,8045.722985475129,8115.413129749398,7688.5146323728795,8029.129969809292
199,2020-02-22,13510.0,12824.06330513634,"Zyblikiewicza, 51m2, 3 pok+kuchnia, pod inwestycję",12582.100760746687,12570.240660659507,11667.432798185835,12452.461499257093,8714.135226449322,12619.541855046707,11392.837635085343
200,2020-02-22,6802.0,6553.277365644117,"Opatkowice, 4 pokoje, Nowe",6096.829829144534,7111.809530198181,9229.466272608895,6446.726344327277,9996.879472428163,6365.611179705309,8175.941613735136
201,2020-02-22,7276.0,9992.426924057614,Ugorek 4-Pokojowe Dwu-Poziomowe Z Balkonem,9893.193439162796,8956.51246813103,9002.05383417013,9683.157889096428,8917.16348200918,9856.259417438947,9182.997300437322
202,2020-02-22,12000.0,11877.722972127327,Mieszkanie 2-pokojowe 40m2 w Krakowie ul. Janickie,11964.246197748871,10471.53374145303,9638.327198654182,11394.446429391717,9559.152285573142,11745.471866422638,10353.621273025748
203,2020-02-22,7091.0,8142.028279332979,"Petrażyckiego, 2 pokoje, 55m2",7775.0204145086755,9411.897366481648,9229.466272608895,7420.9349571666235,9760.370153264781,7779.327883669426,9045.265419006188
204,2020-02-22,9073.0,10643.568618819412,"2 pokoje, Ogród, Winda, Śliczna, Tauron Arena",10636.975143103771,9073.09992214014,9202.892601929527,10101.323173970273,9760.370153264781,10460.622311964486,9624.246247324734
205,2020-02-22,8013.0,11200.462359220932,"Kraków, Kazimierz, jasne, przestronne, ciche",11845.828738517464,11335.37401787929,11514.29809078771,11412.070595029227,10589.233649844693,11486.120564255873,11231.25658069189
206,2020-02-22,10811.0,9609.42652929313,Mieszkanie 3-pokojowe Prądnik Biały Danka,9486.3900742269,9796.811610794552,9820.484877085471,9730.813787901141,8816.734711901256,9608.87679714039,9510.726999230417
207,2020-02-22,10794.0,10611.244661388384,63 m2 - 3 pokoje okolice Wrocławskiej,10446.100066638706,9850.908258299412,9946.689746331938,10228.447506337252,9630.449180255491,10428.59741145478,9964.161149085405
208,2020-02-22,10000.0,11412.088447894268,Mieszkanie 37 m2 (do wejścia) ul. Lipska,11571.061960685101,10000.099670099034,11165.208627986542,11153.488423518927,9992.95256258664,11378.879610699432,10634.285117842912
209,2020-02-22,7999.0,10568.875302645103,1 Pok. z oddzielną kuchnią ul. Raciborska Dębniki,10569.451890819273,9635.613952177646,9094.736111942571,10516.67027631348,8440.394967661116,10551.665823259287,9430.602713760156
210,2020-02-22,12000.0,11728.916594353308,2 pokoje w nowym bloku na Ugorku,11803.807851234593,10383.442977380608,9410.079765996314,11282.596636925287,10150.336058910822,11605.107027504397,10387.241457448035
211,2020-02-22,7662.0,9978.216941557674,2 Pok. z oddzielną kuchnią ul. Raciborska Dębniki,9978.643856961546,9092.36904898541,8912.140246462184,9884.244998330409,8440.394967661116,9947.035265616543,9097.984882181314
212,2020-02-22,10270.0,10311.015007325492,Wyjątkowo słoneczne mieszkanie z własnym ogrodem!,10213.895064740793,10269.897914389372,9364.253699021674,9179.80723508026,9404.375665157933,9901.572435715514,9735.024928571123
213,2020-02-22,7400.0,8391.217913672548,"Własne Miejsce - Piaski Nowe Bochenka 42,18 m.",8281.00935030037,9463.073042727257,9357.749391176134,8599.503530265803,11004.546968384551,8423.91026474624,9562.319916758546
214,2020-02-22,11985.0,7648.93474249511,Podgórze | Pasaż Podgórski | 3 pok | Eng,7747.508885430576,8358.838655780575,9248.380648713974,7389.425653605544,13560.217893612014,7595.289760510411,9690.681739654243
215,2020-02-22,8868.0,10849.245740691622,Ugorek ul. Kantora 3-pokojowe,11098.921940885715,9582.450205874278,9002.05383417013,10784.92541333086,9950.741798778661,10911.031031636066,9861.569217614784
216,2020-02-22,10285.0,9414.8738143407,"Piękne mieszkanie, prowizja 0%_Białoprądnicka",9474.425646486403,9283.514898640207,9265.894498767912,9200.125507815934,12408.86293501122,9363.141656214346,10080.353497158421
217,2020-02-22,16672.0,12495.48524068186,Apartament w wysokim standardzie - Grzegórzecka,12324.066611780105,12541.412817202625,12308.632657934735,12019.849264586104,12562.067342587718,12279.800372349355,12422.978297518608
218,2020-02-22,7315.0,7350.726333675884,"Mistrzejowice, Bohaterów Września, 3 Pok, Jasna Ku",7536.05184557202,7813.300351385511,8912.140246462184,7772.355400281125,8044.393823316537,7553.044526509676,8080.719736918478
219,2020-02-22,7432.0,10439.018922510542,"3 pokoje/ 74 m2, Łagiewniki, ul. Sucha",10325.837693948073,9611.482510016222,9410.440919592573,10274.400310721243,9426.155805972423,10346.41897572662,9698.624552826957
220,2020-02-22,10101.0,10138.517199591826,2 pokoje z osobną kuchnią al. 29-go Listopada,10562.535859594851,9565.110173837566,9501.409997411054,10392.370306438177,8915.675927772558,10364.474455208285,9586.667638557366
221,2020-02-22,11034.0,13155.810694539323,Mieszkanie Mogilska 29 mkw idealne pod inwestycję,13092.826093925272,11800.01248465419,11010.625521409353,12514.896454106854,11768.562677985998,12921.177747523818,11875.09460789334
222,2020-02-22,13519.0,11229.152247361977,Apartament w nowej inwestycji Zbożowa/ Prądnicka,11035.531437711976,11013.930587444693,11118.185907645378,11132.401418444058,12562.067342587718,11132.36170117267,11456.636384712614
223,2020-02-22,14627.0,11821.383954743864,"Wiślane Tarasy, 2 Pokoje, Balkon, Super Lokalizacj",11707.732508129819,10657.886751077158,12811.058066076317,11318.315514086433,15280.78250764187,11615.810658986704,12591.384495945513
224,2020-02-22,8640.0,10911.940899650432,"Miechowity, 2 pokoje, 48m2",11288.097751416235,9543.58230613209,9247.466789405371,10827.313211494054,9760.370153264781,11009.11728752024,9890.134134080621
225,2020-02-22,9900.0,8695.629808294658,Nowoczesne 3- pokojowe mieszkanie ul Beskidzka,8793.322218974337,9659.34388292195,9274.08622447155,8870.250124828222,11425.764207258193,8786.40071736574,9786.398758004358
226,2020-02-22,16500.0,9906.372949628998,Apartament 81m2 na Sprzedaż / Wiślane Tarasy /3pok,9734.69411871303,9025.25049907133,12160.79771747436,9419.125560046466,19949.802785275286,9686.730876129499,12705.645469487617
227,2020-02-22,10000.0,11683.32761084199,"2 pokoje + salon, ul. Botaniczna, 450 000 Pln",12432.792680002869,11390.749789186943,10847.072188989683,12164.222506182987,6837.675967287882,12093.447599009283,10292.236386118448
228,2020-02-22,9395.0,12523.902039829758,2 pokoje z balkonem na Olszy,12954.85099799963,10191.15447087901,9746.097322718015,11938.57639490075,8912.464367858272,12472.44314424338,10330.539826424669
229,2020-02-22,14986.0,12181.315817706767,"Nowe, klimatyzowane mieszkanie 36 m2 ul. Rakowicka",12228.169214872145,11249.929856867631,11182.265218327406,11639.55339992193,10278.743107886674,12016.346144166948,11181.821081812164
230,2020-02-22,9868.0,11815.150272070547,"Sprzedam 2 pokoje Olsza, Brogi, na już gotowe.",11717.340286953966,10627.318856765176,10046.257826287354,11283.165612642097,10973.216201969904,11605.218723888867,10813.002902227825
231,2020-02-22,10316.0,11285.65374841174,Przestronny apartament - ul. Grzegórzecka 102,11382.940923456254,11228.987081553327,11927.052869710413,10653.933167828476,9740.139949827844,11107.509279898824,11000.922295247601
232,2020-02-22,8354.0,9893.370297838079,Mieszkanie 5 pokojowe (Bonarka)/ III 2021.,9473.24830873511,8782.710858257515,9134.649549626685,9306.99253823018,9763.44565985621,9557.870381601124,9309.669112335385
233,2020-02-22,14255.0,12983.404302660481,"Grzegórzki, z widokiem na Wisłę, 3 pokoje, taras",12990.715946268521,12395.410211516097,12441.988168507192,12172.996476675167,13973.094161938947,12715.70557520139,12881.549529290907
234,2020-02-22,14097.0,12858.345387194902,"2 pokojowe, 26,5m2, Stare Podgórze, Zamoyskiego",13514.5485857048,12732.997162965316,12357.344301764006,13074.708289574563,10096.25273182522,13149.200754158088,12083.948737678158
235,2020-02-22,10980.0,9881.183801909565,"Armii Krajowej, 50m2, 2 pokoje, 2 duże balkony",10073.989015670559,9471.566222503527,9265.894498767912,9638.241310372303,8816.856769793527,9864.471375984142,9354.697216762277
236,2020-02-22,14000.0,13313.092972952942,"Studio z balkonem, ul. Fabryczna, Grzegórzki, 0%",13257.661618651498,12430.221542138106,12352.236442897229,12611.7126692246,13148.630686913675,13060.822420276347,12747.977773056338
237,2020-02-22,12241.0,11056.839895656793,3-Pok. Ekskluzywny 53m2 Apartament Przy Plantach,10759.442684783671,10047.477705605877,8928.013007956437,10076.568161353556,12604.936810090077,10630.950247264673,10552.844442729267
238,2020-02-22,12109.0,8877.861940532348,Mieszkanie dwupokojowe na ul. Chełmońskiego,8736.798831772141,9230.95045332463,9245.77124296118,8702.76991206155,10042.326915183154,8772.476894788679,9322.88137656441
239,2020-02-22,7024.0,9328.257560392627,Ugorek ul. Ułanów - przestronne 3 pokoje,9216.260656049226,8401.744813037985,8817.323523479972,9060.083759416695,5826.155284432188,9201.533991952849,8061.689403225749
240,2020-02-22,12025.0,7950.7246674741145,"Bożego Ciała, 158m²: Nowy, wyjątkowy apartament",9116.796826744527,12024.899983821779,13543.73604343956,8454.804404469693,12562.067342587718,8507.441966229446,11659.536334019625
241,2020-02-23,9476.0,9279.449486639758,Kawalerka okolica placu Bieńczyckiego,9629.686637146124,8884.687787557805,9616.67692873748,9850.934495307683,11509.519243370616,9586.690206364521,9899.393541507605
242,2020-02-23,9533.0,10072.1349246112,Sprzedam 45 m2 Czyżyny 2 Pułku Lotniczego,10201.458761713786,9215.789007279835,8947.359592919545,9916.521774327723,9984.119975169928,10063.371820217571,9552.660098896718
243,2020-02-23,12044.0,12706.606820166853,"Umeblowane, gotowe,3-pok.mieszkanie na Zabłociu",12715.819071960692,11804.918851416707,12642.262779951858,11984.542149689763,10923.076282534168,12468.989347272436,11959.811815293791
244,2020-02-23,7041.0,10400.980649538482,"2-Pokoje 43,6m2 ul.Kwartowa",10415.554063489022,9302.16340147518,8962.545916973964,10123.736842683878,9556.076778981713,10313.423851903795,9533.552487333664
245,2020-02-23,7670.0,10557.710027119076,"Mieszkanie 70,40m², Kraków, Wola Duchacka Zachód",10794.34612694522,9038.56911982812,8967.908010490262,10300.659048769021,7627.322068859592,10550.905067611106,9046.17606669727
246,2020-02-23,8770.0,8985.275402441688,2 pok /56 m2/ balkon/do wejścia/ Osiedle Oświeceni,8874.851719601093,8984.14102730256,8979.588788355746,9119.215879358248,6825.598013803405,8993.114333800344,8445.610540815513
247,2020-02-23,9778.0,11891.450270466326,"Mieszkanie, 45 m², Kraków",11828.502641627905,10244.400145115089,9636.87245946124,11447.807169418791,10971.91525518615,11722.586693837673,10643.943638400036
248,2020-02-23,7447.0,4918.842088461754,Kraków Nowa Huta,5278.922590447833,7447.100436924984,8931.05462256726,5309.2544581013335,6922.349594802737,5169.00637900364,7117.377758324656
249,2020-02-23,25000.0,14415.643766503506,"mieszkanie Stare Miasto, inwestycja",14246.298921729292,14083.438435586399,15225.716855281426,13641.568189418795,16814.63891856983,14101.17029255053,15056.241125497047
250,2020-02-23,8910.0,11103.843762281467,2-pokojowe mieszkanie- Ruczaj,10932.277884418165,10205.961246442535,9375.263241230072,10769.556008060868,8441.707501381221,10935.225884920168,9739.5394684935
251,2020-02-23,8125.0,6684.521064145842,Jedyna taka nieruchomość z panoramą na Kraków!,6496.43455502902,8124.900212040282,9136.050075677824,6658.20297042859,10360.330591872358,6613.052863201151,8558.583435697903
252,2020-02-23,9460.0,11529.492664667141,Kawalerka na Ruczaju,11308.198929858987,10550.30966497404,9949.293372455326,11304.361161415802,11899.485149016658,11380.684251980643,10944.943109606666
253,2020-02-23,8904.0,8943.45738030311,Mieszkanie na sprzedaż Kraków - Podgórze 50 m2,9067.905554759043,8495.422676584243,8931.05462256726,8662.446528817114,7744.4160498557085,8891.26982129309,8515.540792575075
254,2020-02-23,16954.0,14100.920355039785,"Mieszkanie, 16,81 m², Kraków",15044.994278839531,14402.763703355802,15302.228892758954,14164.253415178762,10971.91525518615,14436.72268301936,13778.407633580067
255,2020-02-23,8448.0,10792.687061749086,Mieszkanie Kraków 58m2 ODŚWIEŻONE +PARKING w cenie,10918.50372570763,9565.093693957988,8978.188262304606,10262.00781711361,9578.775173020798,10657.732868190107,9694.947499368374
256,2020-02-23,10242.0,9946.630994070723,Słoneczna kawalerka w sąsiedztwie Ronda Matecznego,10139.540934068727,10936.306080743223,9121.717426228286,9362.79711575575,11509.519243370616,9816.323014631735,10345.966441243465
257,2020-02-23,12131.0,13341.450678140562,2 pokojowe mieszkanie w ścisłym centrum Krakowa!!,14174.399671247094,13613.394094046387,13979.023595307082,13508.48807528977,9763.44565985621,13674.779474892473,12757.660706025537
258,2020-02-23,10494.0,11644.392595340554,"Mieszkanie, 40,50 m², Kraków",11493.178718859432,10263.839248631146,9492.768758250997,11307.229380991683,10045.335409621855,11481.600231730556,10320.885912058638
259,2020-02-23,8582.0,8164.81567401822,Ładne Słoneczne Zadbane Z Tarasem Kobierzyn,8009.477198157643,8205.143117946081,9166.464375770513,7732.533003298113,9354.558420792195,7968.941958491326,8673.77696825003
260,2020-02-23,10137.0,9843.296943630376,Bronowice 3p parter - 2016r,9815.866219879206,9593.864221060643,9829.94992305283,9607.957674861253,11303.374674184197,9755.706946123611,10120.72394110532
261,2020-02-23,10766.0,8914.578288112414,Jasne Komfortowe Zadbane Taras Garaż Bronowice,8947.411712403615,8946.020572288464,9529.78941948349,8918.874442192046,10427.842695827547,8926.954814236025,9457.651875458881
262,2020-02-23,10375.0,7647.011397405396,"Mieszkanie, 80 m², Kraków",7426.204056548433,7676.160767268878,9229.466272608895,7482.8716578060985,10971.91525518615,7518.695703919976,8849.059499745974
263,2020-02-23,13618.0,13542.239351596652,Stare Miasto - gotowa kawalerka pod wynajem,14074.29173423154,13434.154674557232,14876.565134969613,13850.590103328454,14526.547464070147,13822.373729718884,14164.910250828969
264,2020-02-23,9947.0,10550.104075005693,Nowoczesne mieszkanie - Ruczaj - ul. Piltza 3 pok,10459.511567651229,9520.162945730763,9265.894498767912,10012.712924179188,9396.813921714083,10340.77618894537,9630.911888789533
265,2020-02-23,8372.0,10122.232301652966,"Mieszkanie, 59,60 m², Kraków",10418.931454809514,9056.005322881034,8929.654096516122,10200.75597420968,10971.91525518615,10247.30657689072,9801.220312868507
266,2020-02-23,6804.0,8225.261657846386,"Dwupoziomowe, Kraków, Kuźnicy Kołłątajowskiej",8094.834885765991,8190.935365346335,8817.323523479972,7950.673784878801,9970.364686226318,8090.256776163726,8767.220087804088
267,2020-02-23,9872.0,8819.29581642121,"Osiedle Ogrodowe, 39m2, 2 pokoje",9312.582185738731,8267.33211917055,9072.633248632537,9329.664801801457,7485.708690560583,9153.847601320465,8494.880414921034
268,2020-02-23,9425.0,9460.632998131547,"Osiedle Europejskie 55,7M2 3 Pokoje",9387.94908223447,9002.710845476877,8978.188262304606,9505.145532791075,7485.708690560583,9451.24253771903,8729.462584015273
269,2020-02-23,10811.0,8707.434731638261,"Prądnik Biały 55,5M2 3 Pokoje",8581.70863585988,9175.327311782958,9265.894498767912,8924.091832731992,8813.659205309827,8737.745066743379,8998.156520651019
270,2020-02-23,9000.0,10948.96669993064,"Mieszkanie, 50 m², Kraków",11347.946437453233,9599.361458793286,9129.075886480507,10943.5465637496,10045.335409621855,11080.153233711157,9963.4814971517
271,2020-02-23,11650.0,12089.006052180914,Bezpośrednio sprzedam Kazimierz. 3 pokoje 60m2,12662.647479010226,11649.899749388596,12349.731030979723,12243.113890328696,13455.16391039073,12331.589140506612,12446.595957816417
272,2020-02-23,7519.0,5301.971614826575,"Mieszkanie, 33,25 m², Kraków",5294.711318645582,7519.099385517395,9094.736111942571,5835.6374830569775,10971.91525518615,5477.440138843045,8265.79772287229
273,2020-02-23,10805.0,9724.61219265763,"Mieszkanie, 51,18 m², Kraków",9729.864761273408,9174.308100881559,9265.894498767912,9251.21103534025,10971.91525518615,9568.562663090428,9745.170129481512
274,2020-02-23,9545.0,10454.195505572283,"Mieszkanie, 55 m², Kraków",10375.03144412455,9581.948612424176,9106.812870960355,10311.589969056757,10971.91525518615,10380.272306251196,10010.23726120547
275,2020-02-23,11423.0,12786.59293581582,"Mieszkanie, 26 m², Kraków",12956.846498706369,11719.19549002966,11972.659488501076,12843.288361634555,10971.91525518615,12862.242598718914,11881.50320810895
276,2020-02-23,8778.0,9482.039575095856,"Mieszkanie, 32,24 m², Kraków",9753.706689020335,8579.13034902708,9121.717426228286,10017.866553709124,10971.91525518615,9751.204272608438,9605.991825762489
277,2020-02-23,12931.0,9497.226107784065,"Mieszkanie, 29 m², Kraków",9307.542620585544,9419.381484154928,9806.667367104987,9435.274150368852,12196.434978039006,9413.347626246154,10208.95786388627
278,2020-02-23,12212.0,11803.616399375816,"Mieszkanie, 42,58 m², Kraków",11652.007479155709,10430.350713006897,9555.77065508938,11227.601985216574,10971.91525518615,11561.075287916034,10629.777977799615
279,2020-02-23,12857.0,12100.945372384045,"Mieszkanie, 21 m², Kraków",13163.47344983769,13070.283624833955,13581.584307381483,12771.155910219291,10971.91525518615,12678.524910813676,12575.577024553817
280,2020-02-23,6207.0,12793.418693820386,3 pok mieszkanie w Dębnikach 58 mkw za 360 000 zł!,12616.894181900567,11556.316825459071,12246.895104869625,12230.664331810642,6505.427540210754,12546.99240251053,10713.907968262494
281,2020-02-23,6941.0,11652.380456685347,4 pok mieszkanie w Dębnikach 85 mkw za 590 000 zł!,11964.191230743185,10561.239611772533,11920.275012351816,11197.039482806831,6505.427540210754,11604.537056745123,10147.869805270057
282,2020-02-23,24032.0,14173.93420350942,Kazimierz | Sprzedaż mieszkań na krótki wynajem,13916.37665633921,13728.036269183318,12941.450446714889,13643.101324701634,16008.949233824414,13911.13739485009,14147.393336143177
283,2020-02-23,9089.0,8408.051335108144,60 m2 Prądnik Biały po generalnym remoncie,8470.583453677813,8958.932376466008,8948.568472621198,8947.061273820966,8583.299421036903,8608.565354202308,8774.841406081605
284,2020-02-23,7659.0,10395.973897176664,3 pokojowe mieszkanie Ruczaj Dębniki z tarasem,10416.300497165297,9231.480104356204,8978.188262304606,10017.689636415133,8082.670045507963,10276.654676919032,9142.24827227195
285,2020-02-23,10648.0,10141.143978189783,Nowy 3 pokojowy apartament do wejścia Ruczaj,9832.54723047028,9338.75645164022,9246.980122662833,9885.232526135385,11191.04795797608,9952.97457826515,9932.439777636071
286,2020-02-23,10700.0,12481.630076511829,"Mieszkanie, 46,36 m², Kraków",12636.56794337161,11967.908701927778,11196.781109851172,11800.31420019201,10971.91525518615,12306.170740025149,11610.693951747562
287,2020-02-23,7806.0,11225.840169539326,"Mieszkanie, 48,04 m², Kraków",11307.30090707298,9638.890623257343,8948.993634385184,11156.653553351436,10971.91525518615,11229.931543321247,10197.43276403748
288,2020-02-23,8905.0,11005.265607573712,"Mieszkanie, 60,30 m², Kraków",11549.017763302081,9245.280403805988,9646.529242762597,10569.094501384807,10971.91525518615,11041.1259574202,10226.212714793734
289,2020-02-23,13830.0,10037.92638374784,Nowe 1 pok. mieszkanie Bronowice,9943.911378871717,10077.727758023175,9994.712687291072,10133.559862259377,9828.0798769135,10038.465874959644,9984.746549296848
290,2020-02-23,9442.0,8720.01137632871,"Trzy pokoje, 62m, Prądnik Biały, Kraków",8708.143747480377,8699.037821393722,9083.017003554703,8701.288254168947,8015.986242314975,8709.814459326011,8626.963881647353
291,2020-02-23,9545.0,9515.559713494242,"Mieszkanie 55m², 3 pokoje, osiedle Europejskie",9482.091787663154,9087.014086468853,8997.102638409684,9531.943214061544,7094.119177355064,9509.86490507298,8672.025201826646
292,2020-02-23,8525.0,10281.602536679213,"Mieszkanie, 61 m², Kraków",10877.791763280526,9107.410115256806,8929.654096516122,10147.160611668742,10971.91525518615,10435.51830387616,9861.12444270881
293,2020-02-23,6700.0,8283.94306192248,Nowe! 64m2 4pok z balkonem winda pętla/park,7947.048612368448,8369.028348966955,9229.466272608895,7926.895916496018,7571.956620037381,8052.629196928981,8305.770109635552
294,2020-02-23,8269.0,8824.40217893193,"Prądnik Biały - 2 pokoje, kameralna okolica",9091.39648891263,8737.726691365671,8929.654096516122,9058.080239084338,8813.659205309827,8991.292968976299,8868.083240541979
295,2020-02-23,17900.0,12839.040010398609,Apartament 35 m2/wysoki standard/Stare Dębniki,13503.658260452507,12850.490318352755,13542.787334842771,13081.190203546212,17900.000203980715,13141.296158132442,14358.64350382717
296,2020-02-23,12999.0,14051.792380016552,"Mieszkanie, 22,64 m², Kraków",13822.9069458296,13714.758140464506,12941.450446714889,13543.583574082513,10971.91525518615,13806.094299976221,12858.554535585441
297,2020-02-23,8967.0,9343.292683484866,"Mieszkanie, 60 m², Kraków",9759.8050341346,8917.231528739341,8929.654096516122,9275.410581615799,10971.91525518615,9459.502766411753,9569.575911713342
298,2020-02-23,8400.0,9167.495816682813,"Nowe! 3pok., IV-VIp., Balkon, ok. ul. Opolskiej",8814.566889925158,8919.901018289023,9264.685619066258,9089.313711932973,9903.68102575911,9023.792139513647,9278.014950657009
299,2020-02-23,17370.0,11737.836668434336,"Mieszkanie, 31,03 m², Kraków",11762.540084860439,10681.062863105926,9949.293372455326,11294.484194062972,10971.91525518615,11598.286982452582,10800.139618299996
300,2020-02-23,11410.0,11434.052534409195,"Mieszkanie, 52,50 m², Kraków",12010.044386852423,10502.148862371945,10988.775844607775,11565.26025304818,10045.335409621855,11669.785724769934,10801.511460342877
301,2020-02-23,8790.0,9121.204731562833,"Mieszkanie, 61,32 m², Kraków",9048.958606861761,8812.594257437117,9083.017003554703,8863.027480936596,10971.91525518615,9011.06360645373,9469.647530657925
302,2020-02-23,10141.0,12665.944556314127,"Piękne mieszkanie, 2 pokoje+kuchnia, Bronowice",13142.85137779754,11737.892283469013,12341.660386639322,12553.263969978048,11202.844644474571,12787.353301363239,12017.437653986535
303,2020-02-23,9952.0,11436.531596337254,"Piękne mieszkanie 3- pokojowe PO REMONCIE 44,2m2",11564.07473503826,9843.783061383338,9534.301817868898,11228.347959808942,10687.754151631761,11409.651430394819,10368.872615319702
304,2020-02-23,10328.0,8287.620205649731,"3 pokoje, klimatyzacja, Smart Home, balkon |Kraków",8149.55861062538,10327.896849421153,8960.67441225067,7446.022322680011,8794.33581993086,7961.067046318374,9010.993531980264
305,2020-02-23,9048.0,9751.273344062954,"Bronowice - 3 pokoje do wejścia, miejsce postojowe",9873.356574774982,9500.348243458706,9529.78941948349,9703.663679398642,10246.425952091158,9776.097866078859,9763.165370278053
306,2020-02-23,9002.0,11983.019285691835,"Mieszkanie, 94,42 m², Kraków",12209.94360461858,10728.648985025093,13903.84332268356,11193.15621032003,10971.91525518615,11795.373033543481,11849.945149109572
307,2020-02-23,11374.0,7732.613013487899,Piękna kamienica z windą- mieszkanie z tarasem,8620.652402062457,10396.323881784847,10152.239464510587,7905.4354822707655,9935.041378444392,8086.23363260704,9642.459589336717
308,2020-02-23,19854.0,12656.834305001008,"Stare Miasto - piękne mieszkanie, od dewelopera!",13910.677381401514,15596.05265336252,16692.666370736857,13452.453124452912,16119.75921187348,13339.988270285145,15437.1166265645
309,2020-02-23,14975.0,12922.49451592012,"Kazimierz, 2 pok, wysoki standard !",13765.982486092958,12791.36113981395,13001.183157859261,13008.761926627814,17570.901047074454,13232.41297621363,14148.964580240323
310,2020-02-23,6500.0,9721.519007692708,PRESTIGE CITY - fantastyczne osiedle PROMOCJA !!!,9570.466932770829,8901.237360271538,9246.980122662833,9417.096008616676,8493.37618651697,9569.693983026737,9052.82191311952
311,2020-02-23,9111.0,11590.65783469981,"Kraków, al. 29 Listopada 45m Garaż Balkon",11346.848864327803,10148.865396043564,9737.833681730986,11447.807169418791,8967.281117784802,11461.771289482136,10078.937871260372
312,2020-02-23,9741.0,10963.985880242386,Trzypokojowe jasna kuchnia 58 m2 Lea / Nowowiejska,11516.208424123692,10103.892778995083,10638.755382858202,10937.049058876493,9904.42885666859,11139.081121080859,10446.539534900683
313,2020-02-23,15000.0,14019.360859308686,"NOWA Inwestycja - Kazimierz, Miodowa/Krakowska",13890.626965208903,13446.887628636094,13116.037293179534,13278.270035405103,15489.97557782014,13729.419286640898,13945.579946569165
314,2020-02-23,9356.0,9757.155948614762,Słoneczne Nowoczesne 4 pok. Kazimierza Wielkiego,9840.147759190471,9760.096943846667,9710.86293370342,9853.151006060043,10342.362496819946,9816.818237955093,9907.53515308128
315,2020-02-23,17755.0,11032.60654577267,Wiślane Tarasy II,10849.115837483258,10085.807551769776,12444.459612885265,10659.475378851039,15089.732218817355,10847.065920702322,12116.76632604368
316,2020-02-23,7551.0,11568.425173058562,"Mieszkanie, ul. Bosacka Stare Miasto 2 pokoje",12208.350850336634,11422.45826722599,10924.442153666952,11906.293527599957,12181.51548647572,11894.356516998385,11605.693106091763
