;data;cena_za_metr;linreg;opis;ridge;svm;random_forest;lasso_CV;nlp;mean_regres;mean_predict
0;10.02.2020;8188.0;8041.235301859377;Atrakcyjny Apartament /ul. Babinicza , Kraków;7901.467087997026;8012.300690445922;8924.71191312965;8010.367720669168;11593.490464034134;7984.356703508524;9128.714942779558
1;22.02.2020;7936.0;8941.70028458179;SPRZEDAŻ mieszkania 47m2 (Żywiecka) BEZPOŚREDNIO;8962.949842182341;8736.03561563199;9007.745837382572;9293.117853220847;11745.242593634244;9065.922659994993;9638.73667666095
2;22.02.2020;9002.0;10987.834612813216;Przestronne, funkcjonalne 3pok Głowackiego;11039.188433545774;10453.087702870418;11707.990122385872;11147.496379014177;11866.50225884688;11058.173141791056;11271.438306473556
3;22.02.2020;8098.0;9881.291086890731;Okazja ! Obozowa - mieszkanie po remoncie 2 pokoje;9747.64150999295;8933.70175840309;8958.56875602972;9953.275363623554;9237.459065564371;9860.735986835745;9247.61639170823
4;22.02.2020;9917.0;10354.073704347706;Widokowe dwupokojowe z jasną kuchnią Żabiniec;10084.872437865048;9721.32705942971;9534.234759857924;10012.560127559473;10649.987731112766;10150.502089924075;10014.01291008112
5;22.02.2020;16500.0;14433.671216154331;Kawalerka 17m2 ul.Bonerowska/Poczta Główna, Kraków;14344.646087593577;16355.82650120762;14694.426798595247;14021.347434549052;9374.258585834046;14266.554912765654;13672.766699600643
6;22.02.2020;7962.0;9619.699393042967;Ruczaj. Grota-Roweckiego. 72m, 4/4. (Z potencjałem;9616.011768272412;8688.896497220512;9070.820376713356;9854.980532518786;8396.275562505789;9696.897231278055;8963.222416929428
7;22.02.2020;9605.0;10368.38230792638;Felińskiego, 2 pokoje, 38m2;10022.94443805785;9629.004619648227;9375.132443274993;9833.710117317407;10059.056653113212;10075.012287767213;9784.55150095091
8;22.02.2020;11057.0;12527.432696935328;Żwirki i Wigury, 2 pokoje, 35m2;12205.793741300557;11437.125490542492;10108.771335959518;12028.793398874152;10059.056653113212;12254.00661237001;10964.74002299631
9;22.02.2020;7813.0;8691.199425594887;2 pok., 48m2, Czarnogórska, Wola Duchacka, Kraków;8733.662514875838;8369.82253579416;8979.049493332692;8977.378734820071;7717.362895380686;8800.746891763598;8466.745454067783
10;22.02.2020;7228.0;10496.290402547857;Mieszkanie do odświeżenia, Ogrodniki, Podgórze;10514.279783531732;9366.213951604048;8979.049493332692;10619.382091204363;8072.079528572035;10543.317425761317;9240.165099817523
11;22.02.2020;7500.0;7657.344723641456;2-pokoje, po remoncie, Wysłouchów;7755.715615110018;8325.307631043113;8924.71191312965;8139.722032520918;9181.150256138159;7850.927457090797;8570.52431435043
12;22.02.2020;7432.0;9039.676211502723;3-pokoje po remoncie, ul. Sucha, Łagiewniki;9076.539184770807;8547.2625221863;8979.049493332692;9373.843468028568;8934.162201631203;9163.352954767366;8905.95679297939
13;22.02.2020;7464.0;10415.694194314896;*Świetny układDla rodziny lub inwestycja!Roi 6,2%;10419.88104008214;9473.79795181747;12072.690934734152;10446.212727890745;14058.391863717916;10427.262654095926;11508.035851091365
14;22.02.2020;10591.0;12131.111603509493;Mieszkanie, Grzegórzki 66m2.;12117.73233319955;11445.565791708417;12611.308674329077;11991.132415818432;13681.08036916884;12079.992117509159;12454.486738178874
15;22.02.2020;12927.0;12177.313007441699;Piękne mieszkanie do sprzedaży ul Anieli Krzywoń;11747.276686435094;10547.059359347213;9757.905652621917;11836.824395534954;11233.776391405696;11920.471363137249;10864.80319162802
16;22.02.2020;19833.0;10183.517173914981;Apartament ***** Wiślane Tarasy 2.0 - Grzegórzecka;10198.35067580351;10106.432197386646;10893.462294292503;10288.053019924497;13151.447751803293;10223.306956547662;11093.662300007527
17;22.02.2020;9268.0;11369.572811257563;Ładne mieszkanie 56 mkw przy Parku Wyspiańskiego!;11002.259086706852;9978.194640969166;10769.918451475809;10736.497958094435;11368.186080890793;11036.109952019617;10788.102281338846
18;22.02.2020;10917.0;9503.448888250157;Atrakcyjna kawalerka z tarasem, ul. Sosnowiecka;9312.385758855651;9638.617381582973;9702.883941507916;9510.336164778777;10957.908148360519;9442.056937294861;9935.366602186568
19;22.02.2020;14629.0;12123.35251643777;Przytulne dwa pokoje z ogródkiem, Rakowicka 35m2;12025.259060060665;11647.383903972852;12197.42098410439;12214.14474951973;10507.629653840077;12120.918775339387;11618.338329314178
20;22.02.2020;9696.0;7378.436730987204;Mieszkanie 46m Adama Bochenka od WŁAŚCICIELA;7260.744754153535;9695.900151966965;8954.988476138007;7416.047668242658;10574.355891590443;7351.7430511278;9144.246892705803
21;22.02.2020;9126.0;10052.338360481208;3 pokoje/Prądnik Biały/ Banacha/ Nowe-wykończone;9697.852079213413;9390.282817523428;8992.011290531573;9470.209175512347;8919.917073193465;9740.133205068989;9260.586096579364
22;22.02.2020;8556.0;8227.308615804232;Bieńczyce - 3 pokoje do wejścia, balkon;8154.5822382220895;8497.012769380279;8968.030169384985;8332.04306473628;9030.441206278036;8237.977972920868;8683.365529491042
23;22.02.2020;4847.0;6061.602746841003;4 pok 163m2 Kobierzyńska/ Ruczaj 798.000,-;6671.818962635438;7018.0686651777005;8889.555461128186;6784.843197786731;5056.140578934002;6506.088302421057;6867.4632519152365
24;22.02.2020;14500.0;14218.493114601608;Kawalerka inwestycyjna - Retoryka - 32m2;13952.464547363576;16226.517619305332;15667.314757533864;13667.148480313066;10932.215873603205;13946.035380759417;14193.020907800455
25;22.02.2020;10231.0;9073.231079490006;Kawalerka, 4/4 , 26m Strusia Bieńczyce Kraków;8990.223121752466;8798.782467756417;9879.272363259292;9242.51630582146;8350.356835976032;9101.99016902131;9032.600459003263
26;22.02.2020;8379.0;8919.417818184245;Apartament 4 pokoje garaż Norymberska Zakrzówek;9081.707128912021;8379.099921082348;9051.887859710316;9344.495803795255;11695.07264150551;9115.20691696384;9560.316834815505
27;22.02.2020;7380.0;7728.205422854508;2 pokoje, 50,5 m2, os. Słoneczne;8040.732613978118;7621.711906823244;8911.750115930769;8376.865072363711;7810.503021668153;8048.601036398778;8098.141520205237
28;22.02.2020;9202.0;9762.374158337368;W pełni wyposażone mieszkanie 5 pokoi ul.Łokietka;9535.593065962366;9018.41601201575;9500.393553077398;9341.353838636693;10327.367837083486;9546.440354312143;9598.154439122194
29;22.02.2020;8750.0;8587.450617966735;Słoneczne mieszkanie z tarasem i własnym ogródkiem;8351.566396851735;8749.899748024665;8924.71191312965;8471.715407782369;10095.038271291101;8470.244140866946;9059.97351832809
30;22.02.2020;13284.0;12132.724796928956;Apartament M4 z ogrodem 126m2 Grzegórzki;12157.151840712184;11631.607323418892;12644.507393409018;12185.142547240848;16258.17222938169;12158.339728293997;13173.1566686259
31;22.02.2020;9797.0;12423.639975527518;2 osobne pokoje Widok, Al. Pokoju - 44,4m2 balkon;11998.359958749781;11035.610206021449;11251.386985863517;11989.663764227738;9483.361965977298;12137.221232835014;10976.895097674318
32;22.02.2020;9999.0;13118.547679868912;Mieszkanie - Kraków Grzegórzki;13174.844099929125;13700.854593724096;13170.931773643864;12691.478676231947;12370.111135906636;12994.956818676663;13059.213580487816
33;22.02.2020;9089.0;11062.734283038564;Meissnera 3 pok 59m2 od strony skweru;11205.716210264214;9577.532435470323;9313.863104334378;10892.894401217322;10275.820381043382;11053.781631506701;10055.249388088696
34;22.02.2020;9603.0;9917.36497505776;Rozkładowe 2 pokojowe na os. Krowodrza Górka;9545.646859069944;9282.40304312106;9328.72811157426;9082.551627177454;9066.882242715912;9515.187820435052;9298.30030446157
35;22.02.2020;8310.0;8349.088227585042;2 pokojowe 40 m2 z balkonem w Bieńczycach;8266.062424051488;8431.480018613624;9272.96665083128;8429.811272332396;9121.371476162432;8348.320641322976;8793.534696732579
36;22.02.2020;10660.0;8405.122744748829;Rondo Mogilskie - 5 kawalerek w jednym budynku.;9034.113969371228;10659.900132121656;10143.236397475246;8984.210830276905;10518.04708216423;8807.81584813232;10032.249864973362
37;22.02.2020;12447.0;10171.992173097506;Ul.Głowackiego ekskluzywny apartament, właściciel;10208.036482245321;10665.237219143235;9575.972797154782;10452.308345919786;12904.459697296337;10277.445667087537;10855.778845170473
38;22.02.2020;11322.0;11652.711453364629;Dębniki, 3pok, taras, widok na Wawel;11299.782287413556;11371.766095602798;12052.175162153077;11160.960872562142;10755.245425891368;11371.15153778011;11387.584555356838
39;22.02.2020;6642.0;5746.704187606409;Pilnie sprzedam 3 pokojowe. Bohaterów Września;6196.5049316078075;7509.621714574246;8911.750115930769;6724.462610106818;10233.157350724248;6222.557243107011;8219.271606084068
40;22.02.2020;12118.0;13466.594998178465;2 pok (oddzielne) 35 m2 Grzegórzki;13279.160928781981;13259.356905420216;14271.716815200687;13167.14014039133;13006.25301821855;13304.298689117257;13460.406356989177
41;22.02.2020;11145.0;11719.150866612777;Krowodrza | Róg Wrocławska - Prądnicka | 2 Pok.;11598.782615402566;10544.14978827708;10285.016254143924;11443.864835257695;9900.924257385042;11587.266105757679;10579.339101390931
42;22.02.2020;8808.0;9163.193708136409;Kawalerka do remontu, dz. Bieńczyce;9290.169966231155;9153.683277375207;9946.955684786233;9655.143799954329;9314.245105402608;9369.502491440631;9446.09663975117
43;22.02.2020;8167.0;7054.2302212943605;Mistrzejowice Os. Tysiąclecia 60 m2 3 pokojowe;7440.568858489138;7965.068609885789;8911.750115930769;7763.079687994545;7898.405817842407;7419.292922592681;8048.629366562911
44;22.02.2020;9000.0;9653.939552043299;Mieszkanie Kraków, Górka Narodowa, 2 pokoje.;9398.589226758088;9284.822296274875;8974.303302880719;9322.99414187262;7745.28072834906;9458.507640224669;8865.72849193233
45;22.02.2020;8333.0;6943.105643021247;Duże dwupoziomowe mieszkanie na ul. Tarnowskiego;7053.401724099575;7403.956656657725;8895.06345973359;7285.867899425581;10944.570636519156;7094.125088848802;8584.428960439818
46;22.02.2020;7992.0;7578.452087567201;Przestronny apartament dla rodziny;7840.299141960166;7554.8854258117235;8902.517258327067;8016.3733918219805;9946.702532346077;7811.708207116449;8553.953355900328
47;22.02.2020;13293.0;11992.35089368965;3 pokoje na Zabłociu;11799.681995382984;11409.493942469484;11976.207751896665;11648.776785908061;10676.259452548882;11813.603224993565;11468.891092977148
48;22.02.2020;9163.0;11711.036059680848;Kraków, ul. Śliczna blisko Quattro Business Park;11694.751119173108;10703.837024462759;9441.765839710892;11596.08060085736;7433.887602334002;11667.289259903773;9811.694931602857
49;22.02.2020;7143.0;5767.8546094482235;Wańkowicza / kameralne osiedle / 3 pokoje + ogród;6298.084672551131;7142.899969835114;8950.71540357551;7136.674986323782;8702.791008811782;6400.871422774379;7799.319451249197
50;22.02.2020;12500.0;12233.536473026936;Funkcjonalne 2-pokojowe na Osiedlu Fi, ul.Szafrana;11750.5361422454;11488.374097236374;10841.63379830299;11835.974847512116;10691.475409738883;11940.01582092815;11240.374781551598
51;22.02.2020;15411.0;13027.999018723363;Skawińska cicha i spokojna część Kazimierza.;12761.508774072714;11788.260167739167;12133.151291022454;12759.147567040727;10518.04708216423;12849.551786612268;11822.25258188453
52;22.02.2020;8800.0;9372.4694568814;Komfortowy apartament, Podgórze ul. Limanowskiego;9860.892074646947;8800.099491370373;11058.600685109566;9795.576027582005;10749.264298113554;9676.312519703451;10071.069248574237
53;22.02.2020;11985.0;12467.883097589116;3 pokoje, 65m2, Zabłocie, Romanowicza;12351.856723367;11984.90006674212;12014.193829818743;12175.78569325968;10059.056653113212;12331.841838071932;11597.498096936502
54;22.02.2020;9443.0;8490.088303074343;Piękne i przestronne 3 pokoje przy ul.Stańczyka;8978.990167568249;9442.899789262365;8992.011290531573;8889.72045300228;11409.117614676155;8786.266307881624;9657.57375058793
55;22.02.2020;9323.0;11540.290827740213;Krowodrza, ul. Wrocławska - 2 pokojowe;11644.721311274454;9939.973730166113;9927.55355707251;11290.605108019437;9699.376486644871;11491.872415678035;10264.694047390383
56;22.02.2020;8683.0;10559.068669630427;Do sprzedania 3 pokojowe mieszkanie ul. Majora.;10142.850646969893;8786.318967224077;8979.049493332692;9963.03455363179;9783.5004558938;10221.651290077369;9442.630051631984
57;22.02.2020;7600.0;7962.868008747901;4pok+salon, 2 łazienki, 2 balkony, ok.29 Listopada;7594.6660721269955;7600.100142662335;8902.517258327067;7293.941746024409;9096.008923052326;7617.158608966434;8303.946233252042
58;22.02.2020;7528.0;7721.365599803174;2 pok. /53m2/Podgórze/Kurdwanów/ul. Bujaka;7912.225759134519;8365.344496806585;8924.71191312965;8292.919555296856;7873.636927353645;7975.503638078182;8284.799243842015
59;22.02.2020;11000.0;12110.8103410101;cesja praw ul. Wadowicka 2 pokoje !!!;11953.191446673978;11874.98435373993;11342.569734910605;12179.403800182921;9812.068598606256;12081.135195955669;11277.689470803114
60;22.02.2020;8100.0;10406.75444305574;2pok os kuchnia balkon Prąd. Biały/ok.29 Listopada;9611.244564210736;9286.89448022967;8992.011290531573;9326.868675972994;9109.467990194953;9781.622561079823;9292.499080509006
61;22.02.2020;9068.0;10182.327817524121;Krowodrza, Prądnik Biały Azory, Przytulne 3-pokoje;10340.017741772064;9366.779442551753;9610.536979239067;10106.980179409293;10328.646444006788;10209.775246235158;9878.93452800819
62;22.02.2020;7980.0;8029.069873243203;Os Teatralne - 2 pokoje do wejścia;8383.55562756515;7889.5486049728715;8911.750115930769;8702.041080152812;10225.752551764457;8371.555526987055;8849.65169991379
63;22.02.2020;6756.0;9465.961378628872;Drugi Etap! Zielonki- KrK!! POPIELATE WZGÓRZA 2.0!;8696.980937513348;6756.099532893857;8974.727344756846;8516.659022618082;10518.04708216423;8893.200446253433;8785.518601517091
64;22.02.2020;14167.0;10395.142499166408;JABŁONOWSKICH >>>> apartament tuż przy Plantach;9699.980611863717;14166.9000827735;9378.676524994038;9115.719500448082;13495.007249715356;9736.947537159402;11694.382848660574
65;22.02.2020;11883.0;8244.571512440529;3 pokojowe mieszkanie przy ulicy Naukowców;8536.445551963101;8895.678932177187;8992.011290531573;8965.592353490345;10721.128972148445;8582.203139297992;9297.755583538798
66;22.02.2020;13313.0;12315.487572647113;Apartament ul. Rakowicka Novum II garaż w db cenie;12180.205362436494;12104.304569041225;12319.207259705327;12276.534321164308;11907.075016049572;12257.409085415973;12146.998982553025
67;22.02.2020;7313.0;8529.663459581465;3 pok. 72 m2, Górka Narodowa, Prądnik Biały;8303.110228742906;8682.452331892588;8958.56875602972;8160.309803929305;8070.624454902394;8331.027830751225;8510.66834339398
68;22.02.2020;8992.0;11763.138183495766;3 pokoje w doskonałej lokalizacji, ul. Kapelanka;11450.095905147113;9911.648974895808;11039.067086628607;11536.52148811357;9812.068598606256;11583.251858918817;10586.509129762371
69;22.02.2020;8000.0;8477.921886817208;Dywizjonu 303/Czyżyny 3-pokojowe,ustawne;8482.308532502257;7623.618993708138;8911.750115930769;8623.52464452291;10321.260664810168;8527.918354614125;8846.1370322658
70;22.02.2020;6848.0;7658.1434576337015;Dębskiego, Opatkowice 4pok 66m2 Do Sprzedania;7305.484555157292;8718.972665616859;8924.71191312965;7257.001595056299;8313.624208329644;7406.876535949097;8341.046330756311
71;22.02.2020;6588.0;10333.891681619296;Mieszkanie przy R. Matecznego 85 m2 za 560 000 zł!;10271.634920665067;9173.702226933712;10690.85072643622;10427.951080835663;7443.715266648336;10344.49256104001;9413.19019526457
72;22.02.2020;13317.0;12295.362161114037;1 Pok. | Rakowicka | Novum II | Stare Miasto |Eng.;12122.7005977276;12008.062345506205;12319.207259705327;12276.534321164308;17820.009336251213;12231.532360001982;13594.702825366183
73;22.02.2020;8444.0;8973.967886624077;Kozłówek - możliwość zrobienia 3 pokoi, do remontu;9516.23888706501;9075.914027636503;9009.32605634105;9467.039418593913;9391.391166738824;9319.082064094335;9198.928328702677
74;22.02.2020;10999.0;9677.522806861309;Aleja Pokoju | 8 minut do centrum | 2 Pok | Garaż;9515.951789505607;9755.664685710117;9285.928448030161;9940.893952433778;8931.354735960993;9711.456182933565;9421.10101315871
75;22.02.2020;23935.0;12312.18215271761;Rynek Główny | Bracka | Inwestycyjnie | Eng;12344.350720957136;11687.496606553193;13868.86684932287;12003.891718385534;13771.329785876718;12220.141530686762;12886.958693109886
76;22.02.2020;8142.0;10408.7136127558;3-Pokoje 50m2 ul.Odrzańska;10508.91927318331;9486.851714433084;8979.049493332692;10275.781528435975;9812.068598606256;10397.804804791695;9668.943652790931
77;22.02.2020;11915.0;11796.900785996737;Trzypokojowe mieszkanie, 47m2, Szafrana;11386.724733431882;10397.17604377954;10258.343428397187;11477.491419659687;10574.355891590443;11553.705646362769;10695.895252532484
78;22.02.2020;7500.0;8386.341440065453;Prokocim - 3 pokoje, cicha i spokojna okolica;8431.350806208215;7960.250710262948;8911.750115930769;8708.743827109914;10059.056653113212;8508.812024461195;8859.96737594203
79;22.02.2020;9032.0;8426.61223175809;Słoneczna kawalerka z balkonem w Hucie,D.H. Wanda;8515.36598567971;8369.07416211646;9879.272363259292;8895.506279456833;10108.6185253587;8612.49483229821;9242.364970758166
80;22.02.2020;9098.0;9379.255884121554;Krowodrza Apartament 2-poziomy Wichury Wrocławska;9367.508378980949;8413.927144558813;9600.598867437584;9411.22553092588;12776.551628144953;9385.99659800946;10044.268559537702
81;22.02.2020;16296.0;9550.05131379728;Wykończony apartament Nadwiślańska 135 mkw;9654.042604718003;8525.023930250074;11789.703386023659;9780.732088787767;13601.71844319158;9661.608669101015;10894.513607141582
82;22.02.2020;5678.0;8410.770613943925;Przestrzenne 4 pokoje 92m2 Podgórze Duchackie;8441.822483483062;7800.321663774519;8919.28847583407;8439.431917838901;7903.86125393043;8430.67500508863;8263.536599656913
83;22.02.2020;12288.0;12903.061717845463;Sprzedam mieszkanie 52m2, Dębniki ul. Bałuckiego 5;12691.61543182417;11609.574404301864;12190.335472257884;12556.697707018086;8862.379543738954;12717.12495222924;11344.853593131986
84;22.02.2020;9593.0;9907.74767559122;Mieszkanie gotowe do zamieszkania przy ul. Fredry;9684.614248919275;8896.886248107188;8992.011290531573;9921.08162400946;10272.33044906992;9837.814516173317;9499.760625970499
85;22.02.2020;7867.0;7016.132947632885;Mieszkanie - Kraków Opatkowice;6651.59018943427;7866.8999819414175;8924.71191312965;6570.4119232555;7406.044748329279;6746.045020107551;7735.9254158769745
86;22.02.2020;8597.0;10788.90504946586;Cegielniana 3 pokoje duży balkon;10841.884765553126;9675.760247352371;8979.049493332692;10618.073990606495;9483.361965977298;10749.621268541827;9721.948243801047
87;22.02.2020;12873.0;10759.119982772501;Ciche mieszkanie w centrum ul. Wrocławska, GOTOWE!;10372.55464918749;10327.90898905439;9630.247320833643;10214.803660548854;10062.148365922445;10448.826097502948;10117.282693328358
88;22.02.2020;14000.0;12680.8933001011;Pl. Bohaterów Getta 49m2 budynek z 2009r winda;12390.205467379872;12150.11863157395;12085.016184676184;12476.799250063952;10166.472429031659;12515.966005848308;11729.393312782524
89;22.02.2020;8394.0;10294.355563456806;2 pokoje-Krowodrza-ul. Siemaszki;10426.415373539277;9490.021566995018;9630.247320833643;10537.107706717596;9650.876024018951;10419.292881237894;9797.609448271378
90;22.02.2020;16269.0;10985.29250666069;Apartament z balkonem przy Plantach i UJ;9979.390280526533;9459.378433076043;8974.727344756846;9669.739343492742;12671.409901470852;10211.474043559989;10329.247430715932
91;22.02.2020;11053.0;11033.15211046966;Mieszkanie inwestycyjne do aranżacji, Pawia;11143.86206070664;10127.236292471323;12156.759785485088;11008.547932712892;10227.274927754817;11061.85403462973;10893.28126008524
92;22.02.2020;8657.0;9008.455293831012;3pokoje , jasna kuchnia po remoncie Prokocim!;9187.669876597485;8557.719958956797;8911.750115930769;9422.346198161733;8101.738665937327;9206.15712286341;8694.341465922076
93;22.02.2020;18107.0;10304.764444500977;Wiślane Tarasy 2.0 - nowy ekskluzywny apartament;10051.823361198503;10386.99913924174;10893.462294292503;10095.373114143043;13151.447751803293;10150.653639947508;11145.640706321261
94;22.02.2020;11864.0;11746.723742770533;Angel City ul. Pawia / ul. Szlak 2 pokoje;11776.369757679247;11249.569273461591;12014.966584601523;11763.682657788784;9565.080544099299;11762.258719412855;11147.968780393818
95;22.02.2020;6667.0;8508.121051846263;Mieszkanie Prokocim Nowy, Teligi, 57m2, 4 pokoje,;8542.830992037612;8003.775458104325;8911.750115930769;8806.512034706031;10115.365462539425;8619.154692863302;8912.511432359453
96;22.02.2020;10736.0;10193.69824538176;ul. Mazowiecka- 4 pokoje na 1 piętrze;10341.94274895594;8939.953005115118;9630.247320833643;10290.680426887508;10429.271398041927;10275.440473741735;9818.728049433106
97;22.02.2020;7137.0;9798.288726475923;Kobierzyńska, Ruczaj, 73m2, 3-pok. oferta prywatna;9795.777593619714;8938.807453453725;9321.412338615797;10092.771154533886;8154.048861384942;9895.612491543174;9077.470286249409
98;22.02.2020;11533.0;9845.631356930566;Wola Justowska- Morelowa;9716.392138075318;8422.265574526882;8992.011290531573;9662.842328180668;9270.558829763735;9741.621941062183;9106.614408971094
99;22.02.2020;9941.0;10877.0997371838;Płaszów, 2 pokoje, balkon;10629.512904153054;9951.333203737377;9327.224334986226;10859.204354391173;9483.361965977298;10788.605665242676;9887.631292485894
100;22.02.2020;10917.0;9503.448888250157;Apartament Sosnowiecka wykończony;9312.385758855651;9638.617381582973;9702.883941507916;9510.336164778777;13151.447751803293;9442.056937294861;10483.75150304726
101;22.02.2020;12000.0;11997.214708371956;Sprzedam mieszkanie bezpośrednio- 46m - Rydlówka29;11696.229612650559;11125.07925652676;10548.10608557301;11828.126437557301;10837.827230637093;11840.523586193272;11087.884039732535
102;22.02.2020;10490.0;11818.055181214586;NOWE**ZAM**Kraków ul.Rydlówka Podgórze*OKAZJA!;11580.499185422164;11146.357260392417;10568.583402748985;11665.179424897107;6435.543400102139;11687.911263844619;9959.59883177204
103;22.02.2020;7671.0;10457.857240122596;Mieszkanie 73m2 s.deweloperski Bonarka ul.W.Sławka;9947.416201406066;8088.675197649745;8979.049493332692;9605.761899094226;10327.367837083486;10003.678446874297;9349.692743735055
104;22.02.2020;7407.0;9604.43402456164;Mieszkanie 2-pok z garażem - Solvay Park;9574.923223707043;8621.23602789448;8911.750115930769;9539.854506387434;8805.926998408526;9573.070584885372;8977.995931779787
105;22.02.2020;13592.0;11085.447382476714;Nowoczesne,4-pokojowe mieszkanie, Kazinierz;11186.432723473315;9655.279458253404;12681.809515752373;11163.195713335184;10377.569474236381;11145.025273095072;10964.920930334307
106;22.02.2020;8942.0;9333.25548721024;Krowodrza Górka~3 niezależne pokoje~2 min do MPK;8943.659121459388;8772.004035386002;8979.049493332692;8859.891568573194;8491.66761376212;9045.60205908094;8822.080800390439
107;22.02.2020;7100.0;6660.41428065198;Nowe 3 pokojowe mieszkanie - zielone Mistrzejowice;7178.155412285893;8666.289247196764;8924.71191312965;7331.119989390476;10008.21847912623;7056.5632274427835;8663.945716723858
108;22.02.2020;12000.0;11467.12137140092;Dwupokojowe mieszkanie, 40 m2, Janickiego;11401.892936190989;11396.085771981725;9779.366422361027;11276.45225757573;10461.433611690069;11381.822188389213;10754.676998605508
109;22.02.2020;8378.0;8422.858614329569;Trzypokojowe mieszkanie, 74m2, Strzelców;8222.27343933026;8377.900045681508;8992.011290531573;7751.573754055795;10574.355891590443;8132.235269238542;9019.125624260516
110;22.02.2020;9190.0;8808.054788354575;Kraków, Bronowice, ul. Gabrieli Zapolskiej;8959.786457803588;9361.347948718278;8979.049493332692;8954.895817771507;9560.617267881635;8907.57902130989;9202.148432810623
111;22.02.2020;8290.0;8469.80957077316;Apartamenty| Borek Fałęcki |3 Pok | Eng;8213.441310497921;8448.891327495101;8924.71191312965;8439.949431512912;9221.223294027775;8374.40010426133;8742.306659728463
112;22.02.2020;7790.0;9051.186696441426;Apartamenty| Borek Fałęcki |2 Pok | Eng;8855.152910266832;8946.977826110533;9488.28310683989;9054.297937650397;9221.223294027775;8986.879181452885;9160.84085210777
113;22.02.2020;13851.0;14288.214167280901;Stare Miasto - Retoryka - idealne na inwestycje;13727.364270679453;13813.513956892815;14684.284040512102;13439.597913822332;15426.156133095243;13818.392117260895;14435.586561940263
114;22.02.2020;7300.0;8339.29815611691;Bieżanów - ul. Działkowa, 3 pokoje;8265.111262495857;8104.2761393746005;8924.71191312965;8762.71837389771;9812.068598606256;8455.70926417016;8824.191478820167
115;22.02.2020;11382.0;13091.769162706842;Grzegórzki - Bobrowskiego, idealne pod wynajem!;13087.724987436348;12987.28635536474;12866.72168671453;12813.871016944027;13624.771559742627;12997.788389029074;13119.141997712744
116;22.02.2020;9680.0;9106.720220387771;Kawalerka Bieńczyce;9053.000810044488;9065.493972104861;9946.955684786233;9486.618320455136;9661.326069238234;9215.446450295798;9472.305544106282
117;22.02.2020;6686.0;10443.388571304658;3 Pokoje, Jasna Kuchnia, Balkon;10339.811215202;9464.265729620804;9108.806454635434;10512.104716433558;7944.959946725447;10431.768167646738;9237.450074657107
118;22.02.2020;10351.0;11916.57113939674;Mieszkanie z ogródkiem ul. Myśliwska, Mały Płaszów;11600.924399912063;10696.566897345867;11232.23580074985;11761.78701175219;9575.369887519875;11759.760850353663;10815.983358992313
119;22.02.2020;9184.0;8940.258286128894;Przytulne do wprowadzenia 51m Chełmońskiego;8668.895722724947;9084.685424294308;9007.745837382572;8799.32955265606;10959.005453790842;8802.827853836634;9463.56614232609
120;22.02.2020;10619.0;9489.769808039191;Mieszkanie 3 pokoje wysoki standard Prądnik Biały;9351.429979673838;10031.935527203494;9513.355350276279;9397.940324711974;12779.529700337283;9413.046704141667;10434.46682048968
121;22.02.2020;9357.0;10431.442631028935;Kraków, Kazimierza Wlk 70m2 od właściciela!;10420.320790924661;9716.629690983065;10738.731656604014;10473.956696490864;9207.077848902027;10441.906706148155;10026.086475659315
122;22.02.2020;7903.0;7547.2613289934925;Okazja! Mieszkanie 62m2. Krakow, ul. Halszki.;7943.814880810977;8080.831391595581;8911.750115930769;8157.347987039375;10327.367837083486;7882.808065614615;8800.689352556114
123;22.02.2020;13871.0;13065.644341622276;Grzegórzki Nowe Słoneczne 2 Pok/Oddzielna Kuchnia;12702.704438312265;13697.850691266056;13612.682117835468;12627.5651788606;13650.092866988685;12798.637986265045;13439.815915588812
124;22.02.2020;9000.0;7480.318463627092;Słoneczne Ciche Duże Balkon Taras Komórka Dębniki;7320.937175239587;8380.638961938079;8924.71191312965;7425.893410475998;8213.892762637133;7409.049683114225;8232.073330204772
125;22.02.2020;10228.0;9241.924293569906;Przytulne, do wprowadzenia 39+16 m2 Chełmońskiego;8917.816120112648;9337.429317857808;9375.132443274993;9050.267952152759;10582.71361338761;9070.00278861177;9591.319540783046
126;22.02.2020;10228.0;9241.924293569906;Przytulne, do wprowadzenia 39m Chełmońskiego;8917.816120112648;9337.429317857808;9375.132443274993;9050.267952152759;10959.005453790842;9070.00278861177;9685.392500883852
127;22.02.2020;13026.0;13596.548891238874;Kazimierz / ok. Św. Wawrzyńca 38m2, 2pok, IV p !;13241.08185464124;12733.829085256937;14288.315821658905;12979.83455487086;13948.9598651944;13272.48843358366;13560.898301423476
128;22.02.2020;8868.0;7047.018042177466;Mieszkanie 3 pokojowe 53 m2 Kraków, Opatkowice;6560.186280644288;8867.90032119357;8924.71191312965;6725.067772474302;6832.966490571987;6777.424031765352;7850.75068916514
129;22.02.2020;7061.0;9985.825624782028;Mieszkanie 3 pok. + kuchnia, 66m2 ul. Kobierzyńska;10196.05169784779;8655.893894106859;8979.049493332692;10329.994942039022;10722.040139439696;10170.624088222947;9631.90190377555
130;22.02.2020;11421.0;10958.026186170022;5 Pokoi 113m2 + balkon | Stare Miasto | Sebastiana;10863.590544999535;9907.94535006092;12805.786756525624;10933.878868511287;14233.258646523658;10918.498533226948;11966.372321584287
131;22.02.2020;8605.0;12032.25037894743;Nietuzinkowe mieszkanie na Sprzedaż ul. M.Domagały;10672.273342137416;8605.098753149048;9101.203307839547;10609.830360985141;12171.76614798917;11104.784694023328;10245.713225750273
132;22.02.2020;16316.0;13515.009824363653;Wawrzyńca ekskluzywne mieszkanie 38 m2, 2017 rok;13133.740923749283;13620.462805662968;14254.803948009006;13161.217437552184;10198.064051187212;13269.989395221708;12835.830050020224
133;22.02.2020;8725.0;10030.75324495943;Mieszkanie na sprzedaż, Kraków, Prądnik Czerwony,;9960.761456226495;9349.628235384544;9530.670116085756;10084.167597636864;9734.468487608381;10025.227432940928;9659.998568004903
134;22.02.2020;8500.0;9077.55104625978;Gotowe mieszkanie |Kraków |Pachońskiego |Bezpośred;9348.864877882785;9533.84207118876;8992.011290531573;9491.680425685203;9211.870736238236;9306.032116609256;9260.939053641956
135;22.02.2020;8119.0;9668.088266796683;KROWODERSKICH Zuchów 5 Niezależnych pokoi K GÓRKA!;9719.009029131912;8905.181741993363;9630.247320833643;9870.871754657304;9458.93158123607;9752.656350195299;9436.754248564594
136;22.02.2020;10171.0;11891.20896397655;*Nowa INWESTYCJA*Świetna lokalizacja!! Łagiewniki;11579.050442676955;11442.852390819786;10151.276500706068;11745.36495224842;10192.09586064618;11738.541452967309;10881.191551284835
137;22.02.2020;9107.0;9404.279186788895;Kawalerka, 28m2, Kraków Kliny ul. Borkowska, 2010r;9221.103751774997;8982.098791120783;9892.234160458172;9244.975318542223;9374.258585834046;9290.119419035373;9384.677739112094
138;22.02.2020;8116.0;10526.339879662642;Okazja! Mieszkanie na Azorach ul. Weissa 2 pokoje;10245.931583404408;9254.057289382126;9155.54088804259;10173.576287756658;10485.580207468138;10315.282583607905;9802.61524212519
139;22.02.2020;11160.0;9646.1077710979;Kozłówek - kawalerka po remoncie, mpec;9849.652853739599;9659.247182633815;9988.251571742298;10118.82746923469;9274.734525038371;9871.52936469073;9698.440661026303
140;22.02.2020;5098.0;5489.92189228285;Mieszkanie cały segment Kraków Zielonki z ogrodem;5982.867809298117;7342.11223547438;8835.217880925142;6330.74602870734;9263.38665832824;5934.511910096103;7843.807171205966
141;22.02.2020;13284.0;11671.219465340291;4 pok|Cystersów Garden/Grzegórzki |OGRÓDEK 126 mkw;11804.967510582985;11190.217616909995;10322.995326218439;11744.600661499393;13832.815550010067;11740.262545807556;11771.572759736515
142;22.02.2020;10911.0;9329.673905943722;Do wprowadzenia 38m Chełmońskiego;9071.216379936284;9417.993075198368;9375.132443274993;9188.62910010554;9758.434503500364;9196.506461995183;9437.016620992228
143;22.02.2020;18114.0;12686.72417712196;2 Pokoje W Apartamentowcu Pianissimo;12357.204680187266;12794.040660180543;12241.841194873658;12385.301622675363;10059.056653113212;12476.410159994863;11892.837167040569
144;22.02.2020;9501.0;8403.252142230469;ul. Czarnogórska 18, 57 m2 dwa balkony + garaż;8625.58748054048;8413.55269851929;8992.011290531573;8974.014250165275;8897.38250600728;8667.617957645409;8742.641113175887
145;22.02.2020;10074.0;9936.327503986597;Kawalerka, Pachońskiego, gotowa do odbioru.;9976.49277401848;10471.467694389446;9959.533537860094;10140.67924290648;10890.824982452887;10017.833173637186;10334.914847084903
146;22.02.2020;7954.0;10959.448937755835;Os. Na Lotnisku Nowa Huta Bieńczyce 2 pokoje;10929.368481823938;9230.044719086472;9542.620687042932;10497.338984022168;5851.06383009127;10795.385467867314;8854.778676021997
147;22.02.2020;8684.0;11159.762275479656;Sprzedam 2 pokoje Centralna, gotowe do odbioru;10877.985581331137;10384.330026426049;10588.515868110226;11147.582644626931;10229.62117891954;11061.776833812575;10566.060976817098
148;22.02.2020;11255.0;12243.021926472215;3-pokojowe mieszkanie przy pl. Bohaterów Getta;11925.91451370334;11773.699143369862;12103.799413697165;12054.258512031793;10369.554319015873;12074.398317402447;11580.362798371338
149;22.02.2020;9499.0;11462.00368085905;2 pokoje, osobna kuchnia, 63 m2, Kraków Rydlówka;11513.773253492529;10500.686920280856;10503.234270276484;11475.221476543873;9008.694582924834;11483.66613696515;10374.070477611831
150;22.02.2020;18279.0;14240.916666763922;Piłsudskiego, 2 pok, antresola, WYSOKI STANDARD !;13875.300242109766;14906.87367473487;16497.523603222628;13497.761815365433;13709.773203650839;13871.326241413039;14746.374180755342
151;22.02.2020;10351.0;11201.551817171994;Mieszk2pok z ogródkiem 37m2.Myśliwska-Mały Płaszów;11113.028371103934;10502.793792991959;9440.509841292283;11432.52848174684;9766.049132600618;11249.036223340923;10239.597247556445
152;22.02.2020;6902.0;9143.04926179878;Mieszkanie idealne na inwestycje ul.Białoprądnicka;9319.639125675281;9157.29378636972;8992.011290531573;9461.904132314996;10944.570636519156;9308.19750659635;9600.5183050042
153;22.02.2020;14796.0;12166.461483834793;Luksusowy apartament Stare Miasto, Lubicz, Bosacka;11871.942393309584;12150.690419599398;12220.10236416329;11967.728193694425;17442.354003298635;12002.044023612934;13453.797702668566
154;22.02.2020;7593.0;7972.016378615;4 pokojowe po generalnym remoncie os.Strusia;8070.559827521441;7831.586941159818;8911.750115930769;8330.013034924374;8792.081121820655;8124.196413686938;8414.903648149546
155;22.02.2020;10500.0;10195.819488979452;2 pokojowe 52m2 przy ul. Łokietka, Krowodrza;10374.530656379984;9882.676688775779;9513.355350276279;10289.20673790259;10256.639533627971;10286.518961087342;9984.797633441844
156;22.02.2020;12760.0;11990.946323801752;Rydlówka: 3 pokoje, balkon, winda - do wejścia!;11691.057240756789;11116.718011834306;10533.564069415652;11822.912133152175;10301.331010643005;11834.971899236907;10946.646247782468
157;22.02.2020;9383.0;8045.477704797762;Wielicka Park: wysoki standard, 2 balkony, garaż;8162.686060177769;8668.465964109373;9018.014780977432;8560.38852406929;11428.413031463853;8256.184096348274;9342.769468224735
158;22.02.2020;13792.0;13894.1309069041;31m2 , Wysoki Standard, Plac Bohaterów Getta,;13350.677435106794;13696.334957765122;14704.936156650865;13455.087586780284;13600.425251639113;13566.631976263727;13892.082085579708
159;22.02.2020;14929.0;12638.876101760285;Bezpośrednio• Topolowa• Inwestycyjne• Krótki najem;12593.416424360446;12243.429114136527;13408.94186241359;12492.356069092857;10518.04708216423;12574.882865071195;12186.325230946386
160;22.02.2020;6497.0;9651.476626935268;2 Pokoje - Nowa Huta - Gotowe;9741.034502247252;9262.357775534707;8966.449950426508;10212.766106368086;7104.508058945028;9868.425745183535;8800.435382522444
161;22.02.2020;5148.0;4871.7116412795185;Wyjątkowy przestronny apartament Bieńczyce 135m2;5677.005641708702;5516.181028365063;8861.221371371003;6203.45636497771;8675.812727981105;5584.05788265531;7159.318252593121
162;22.02.2020;7830.0;10714.55545369252;Osiedle Na Lotnisku, 2-pok, 36 m2;10293.74373564822;8900.104050933296;9451.497761528753;9975.975819500814;9160.465695774394;10328.09166961385;9460.039794462573
163;22.02.2020;6102.0;8745.924072634216;2 pokoje na Prokocimiu;8725.862547535773;8250.905022557676;8911.750115930769;9008.566330404672;10676.259452548882;8826.78431685822;9166.424726973886
164;22.02.2020;9439.0;9164.310646823322;Nowe budownictwa ul. Wielicka;9164.68840044912;9446.87476463868;9018.014780977432;9557.154534715975;9901.708032547123;9295.384527329472;9415.495526373177
165;22.02.2020;9850.0;11554.017675686104;3 pok. ul. Loretańska - Stare Miasto do negocjacji;11577.376171418975;10045.784218444274;12501.576669596294;11376.207959554042;13972.657614196143;11502.53393555304;12005.638109447438
166;22.02.2020;7480.0;7657.344723641456;Magiczne 50 m2 dla rześkich duchem, Wysłouchów;7755.715615110018;8325.307631043113;8924.71191312965;8139.722032520918;8920.766596733634;7850.927457090797;8505.428399499298
167;22.02.2020;8732.0;8731.001090615462;Kraków, Bronowice, Jabłonkowska;8605.696050805265;8705.544396773757;8979.049493332692;8598.545170000925;9807.60532238859;8645.080770473885;9034.319995742231
168;22.02.2020;8591.0;10737.518719932552;Chopina, Lea, duże 3pok mieszkanie, Park Krakowski;10999.356012153476;9657.772771654028;10822.800507354952;10799.264117315326;10396.608876212023;10845.379616467117;10430.640442922031
169;22.02.2020;7600.0;13143.285886148653;Apartament z ogródkiem Wola Justowska Zakamycze!;11683.376056241326;9677.0302059102;8974.727344756846;11191.69568874676;11151.961549839185;12006.119210378913;10452.459577721285
170;22.02.2020;10071.0;10576.644482841693;Krowodrza, Prądnicka okol, 2 pok, kuchnia,balkon.;10682.950894188993;9995.015257871055;9965.637359086812;10748.392313686145;10175.83212279722;10669.329230238944;10201.453492498507
171;22.02.2020;8511.0;10787.65072379002;3 pokojowe z balkonem, 47 m2 na os. Cegielniana;10802.150212603065;9703.930741949229;8994.784040183691;10633.065115771235;9087.301129583642;10740.955350721439;9631.742815609501
172;22.02.2020;17079.0;13137.32591872167;Grzegórzki Park komfortowe studio centrum;12725.351804704802;13667.378298150408;14041.826517954412;12702.520804684289;12098.569367681557;12855.06617603692;13165.710089955825
173;22.02.2020;6500.0;9651.868400970905;Zostało Tylko Jedno! | 2 Pokoje | Nowa Huta | Eng;9741.357775490613;9262.843644467872;8966.449950426508;10213.092000393406;10409.30668474752;9868.772725618308;9626.843251315051
174;22.02.2020;8077.0;9548.774660674662;ul. Narutowicza, ustawne dwupokojowe mieszkanie.;9624.066331608325;8905.444096055111;9313.863104334378;9635.877528730582;10590.737397586343;9602.90617367119;9603.237692911756
175;22.02.2020;9583.0;9953.795213398434;Nowe mieszkanie ładnie wykończone Prądnik Biały mo;9975.695995663946;10007.185226434589;9513.355350276279;10177.737451312369;9435.216311670694;10035.742886791582;9747.874943793286
176;22.02.2020;10800.0;9506.359374235195;Na sprzedaż 2 pokojowe mieszkanie Krowodrza Górka;9302.530817297553;9541.967239722058;8958.56875602972;8892.593678824218;11001.6597096266;9233.827956785655;9684.005915541009
177;22.02.2020;8242.0;8682.250503260295;Kozłówek, 2 pokoje, balkon;8752.336876117459;8419.801964725579;9009.32605634105;9048.51495326543;8703.787014387517;8827.700777547727;8740.153953250468
178;22.02.2020;11053.0;11010.525777119978;Piękne mieszkanie 76m niedaleko Zakrzówka, Ruczaj;10779.609315927593;9858.685374127817;10718.327315659813;10700.110128098328;9706.073890089838;10830.081740381966;10278.292080064859
179;22.02.2020;8151.0;10124.59999007054;Prądnik Biały, Park Dorożki. Standard Deweloperski;9863.465094733183;10601.660370261458;9878.873738886774;10028.401450898526;11656.00912790102;10005.488845234082;10535.508020570833
180;22.02.2020;8147.0;11332.782200528529;Pokój z kuchnią 34m Nowa Huta, Plac Centralny;11091.469652013082;9472.063930042212;10804.72480487297;11177.382813738659;7483.585498531729;11200.544888760089;9740.22978055175
181;22.02.2020;9982.0;11080.20277270773;Nowe budownictwo, Wola Duchacka, 2-pokoje;10660.744161765539;10079.875236053163;9030.877474794657;10707.965094813737;8442.217405602565;10816.304009762336;9592.318531553181
182;22.02.2020;7350.0;8359.423567649985;Apartamenty Działkowa C12-do odbioru VI 2020;8322.616027204751;8282.105374271221;8924.71191312965;8762.71837389771;6168.776400285816;8481.58598958415;7964.294919317709
183;22.02.2020;7350.0;8341.010187975015;Apartamenty Działkowa C15-do odbioru VI 2020;8307.422184766801;8265.741564939972;8924.71191312965;8747.40135470765;6168.776400285816;8465.277909149821;7956.126946876315
184;22.02.2020;12330.0;12550.228633181545;Mieszkanie do wprowadzenia - Rondo Matecznego;12220.143444887102;12143.68063288425;12167.375809221236;12320.925661113415;10621.842229896434;12363.765913060686;11824.166146265652
185;22.02.2020;7101.0;10702.851712242118;ZIELONKI !! Popielate Wzgórza 2.0!! II ETAP !!;10780.934323755226;9982.882284850855;9762.878880727016;11051.869829189305;10518.04708216423;10845.218621728882;10277.256717367747
186;22.02.2020;12037.0;11790.634459970437;Kraków, Krowodrza- Łobzów - ok. ulicy Wrocławskiej;11273.193866032098;10987.886625062643;10657.112954020711;11349.135218289293;7689.990996777018;11470.987848097277;10201.494605989412
187;22.02.2020;8750.0;8977.123691668789;Mieszkanie 2 pok. 40m2 z 2007r. ul.Okulickiego;8960.867835276364;9312.778852056479;9307.833065873068;9125.788378727235;10085.141135962638;9021.259968557462;9431.753255612412
188;22.02.2020;23755.0;10648.391271122155;Piękny Apartament - Rynek Główny - Inwestycyjnie;10941.576196995567;10201.943223360235;13501.163399571096;10798.149019291024;13151.447751803293;10796.038829136249;11912.648300967718
189;22.02.2020;8958.0;9329.100348446527;3 pokoje + kuchnia - 6m balkon - Krowodrza Górka;8682.97770706373;8674.593336819768;8945.60695883084;8253.870396778986;8899.952893938887;8755.316150763081;8818.867335088144
190;22.02.2020;8242.0;8682.250503260295;Kozłówek 2-Pokojowe 45,5M2 Z Balkonem;8752.336876117459;8419.801964725579;9009.32605634105;9048.51495326543;8718.088364975883;8827.700777547727;8743.72929089756
191;22.02.2020;9786.0;9160.103181232682;Sprzedam mieszkanie 3-pokojowe ul. Reduta Kraków;9089.45495539692;8919.8694892603;8992.011290531573;9199.921947693847;9083.083525513874;9149.826694774483;9036.19775002006
192;22.02.2020;14444.0;12883.506786387738;Sprzedam mieszkanie Kraków ul. Św. Wawrzyńca;12640.274100437902;11489.984052549698;13070.12895826943;12539.229556023947;9279.869942867936;12687.670147616527;11631.913275325898
193;22.02.2020;12500.0;11409.742614568604;2-pokojowe Rydlówka;11072.278660560498;10353.563041433312;10533.564069415652;11102.791881593948;10321.260664810168;11194.937718907684;10600.831373641704
194;22.02.2020;10804.0;12306.487194877793;Wykończone mieszkanie aleja Pokoju 44 mkw;11882.860018298992;11963.48964180063;11361.903220183172;12036.412934365479;11024.62658297873;12075.253382514087;11606.318206869155
195;22.02.2020;13281.0;11256.936135483373;Przestronny 2/3pok 64m2 ul. Szlak Angel City;11258.63903363211;11076.946692573532;12000.794425180009;11242.104668894734;8414.768984882709;11252.559946003405;10686.267512159913
196;22.02.2020;9788.0;10566.761886801862;Żabiniec 4 pok po remoncie dla inwestora;10684.26364626366;9848.339280882103;9630.247320833643;10714.943278588664;9397.91398406833;10655.322937218061;9882.955880750535
197;22.02.2020;5760.0;7102.908148614841;Myśliwska Park, segment A, MD8;7419.438107831344;5760.100074935995;10390.68756055186;7645.707203547132;8991.84489010316;7389.351153331106;8132.995919730531
198;22.02.2020;7484.0;7254.7000526635575;Bieńczyce: 4 pokoje, doskonała lokalizacja;7507.733228167631;7395.852907801274;8911.750115930769;7803.56467549941;8788.16684874824;7521.999318776866;8154.4422978142875
199;22.02.2020;13510.0;12863.10483361152;Zyblikiewicza, 51m2, 3 pok+kuchnia, pod inwestycję;12375.691036585074;12403.0571131221;12545.370040840691;12358.449753104225;10912.719384520438;12532.41520776694;12098.390436562542
200;22.02.2020;6802.0;6575.5602921049285;Opatkowice, 4 pokoje, Nowe;6325.947191832729;7436.014183365528;8924.71191312965;6286.740308418379;7832.3637480041;6396.082597452012;7647.293110487823
201;22.02.2020;7276.0;9766.51778231006;Ugorek 4-Pokojowe Dwu-Poziomowe Z Balkonem;9738.354097038422;8283.220794083194;9030.877474794657;9951.083714670434;9497.663316565664;9818.651864672973;9157.603362529122
202;22.02.2020;12000.0;11677.029912072654;Mieszkanie 2-pokojowe 40m2 w Krakowie ul. Janickie;11534.50670998484;11140.193735065064;9709.94605427668;11356.022920766063;10130.581419729426;11522.519847607851;10625.810264169755
203;22.02.2020;7091.0;8413.912207305471;Petrażyckiego, 2 pokoje, 55m2;7746.064061984236;9116.190763544078;8974.727344756846;7677.545430863445;10059.056653113212;7945.840566717718;9023.953832032963
204;22.02.2020;9073.0;10660.281394572063;2 pokoje, Ogród, Winda, Śliczna, Tauron Arena;10606.5494017733;9430.88957258816;8992.011290531573;10283.873600693973;10059.056653113212;10516.901465679779;9749.71474547818
205;22.02.2020;8013.0;11884.097025089575;Kraków, Kazimierz, jasne, przestronne, ciche;11887.836694622123;10591.396636426163;12244.064761496884;11635.444499539484;13993.884909469904;11802.459406417061;12157.951428452503
206;22.02.2020;10811.0;9528.947211603252;Mieszkanie 3-pokojowe Prądnik Biały Danka;9383.757304010018;10063.523100200111;9513.355350276279;9430.529727243998;9607.780889426786;9447.744747619088;9658.101021880566
207;22.02.2020;10794.0;10538.661806178945;63 m2 - 3 pokoje okolice Wrocławskiej;10362.01746285981;9804.98662634024;9630.247320833643;10356.318204355006;9682.764812709982;10418.999157797922;9884.249479420447
208;22.02.2020;10000.0;11042.992655649115;Mieszkanie 37 m2 (do wejścia) ul. Lipska;11041.263608076437;10224.11145927451;11031.185046123217;11269.993981847581;10769.045041345964;11118.083415191046;10785.606240483685
209;22.02.2020;7999.0;10171.227433378685;1 Pok. z oddzielną kuchnią ul. Raciborska Dębniki;10178.858880169813;9852.264652581187;9712.709418847502;10447.588270164446;8168.943782590923;10265.891527904314;9499.952345480982
210;22.02.2020;12000.0;11507.608007524712;2 pokoje w nowym bloku na Ugorku;11383.833338284476;11042.674757135204;9413.998627538078;11212.111511443401;10676.259452548882;11367.85095241753;10625.195947409924
211;22.02.2020;7662.0;9524.01672650524;2 Pok. z oddzielną kuchnią ul. Raciborska Dębniki;9644.811482138019;9033.636983517647;8992.011290531573;9909.211340335165;8168.943782590923;9692.679849659475;8971.817976574905
212;22.02.2020;10270.0;10235.360287216214;Wyjątkowo słoneczne mieszkanie z własnym ogrodem!;9509.472423576255;10269.900866106182;9331.530632809277;9666.699012297924;10574.355891590443;9803.843907696799;9994.907824550675
213;22.02.2020;7400.0;7954.506408870924;Własne Miejsce - Piaski Nowe Bochenka 42,18 m.;7964.807442514288;9843.171963154817;9259.9249575843;8072.871485507835;10148.696087054079;7997.395112297682;9312.297030022719
214;22.02.2020;11985.0;7209.173408534226;Podgórze | Pasaż Podgórski | 3 pok | Eng;7544.470517226369;8845.137840550693;8924.71191312965;7677.139176171612;11373.90768557309;7476.927700644069;9155.171284974374
215;22.02.2020;8868.0;10955.53128538898;Ugorek ul. Kantora 3-pokojowe;10856.235084954174;9438.911690807508;9017.915677595778;10889.006719542513;10074.272610303213;10900.257696628556;9857.839418833762
216;22.02.2020;10285.0;9138.407748798676;Piękne mieszkanie, prowizja 0%_Białoprądnicka;9395.925723620523;9522.240537690855;8992.011290531573;9520.09535003896;11827.845409748279;9351.476274152721;9923.393378030858
217;22.02.2020;16672.0;12326.790528102612;Apartament w wysokim standardzie - Grzegórzecka;12103.227976437525;12208.623209772059;12765.659172145768;12108.272183716836;13151.447751803293;12179.430229418991;12576.290090785027
218;22.02.2020;7315.0;7154.737847996323;Mistrzejowice, Bohaterów Września, 3 Pok, Jasna Ku;7260.734330645955;7907.554202514184;8911.750115930769;7656.94378013993;7748.944705181904;7357.471986260735;7981.430252471898
219;22.02.2020;7432.0;10273.40699298322;3 pokoje/ 74 m2, Łagiewniki, ul. Sucha;10128.303038873584;9058.806953456693;9379.630497269181;10254.03562397377;9435.776758203025;10218.581885276859;9523.19902355144
220;22.02.2020;10101.0;10863.971268442916;2 pokoje z osobną kuchnią al. 29-go Listopada;10643.52347719184;9412.848664303263;9473.621614920317;10522.888906848326;9861.483859984692;10676.794550827695;9856.187172508991
221;22.02.2020;11034.0;13019.097512891225;Mieszkanie Mogilska 29 mkw idealne pod inwestycję;12553.601399321225;12227.217110779678;10908.14996288805;12721.199350217248;10958.482701404531;12764.632754143233;11714.620632303873
222;22.02.2020;13519.0;11107.111760477077;Apartament w nowej inwestycji Zbożowa/ Prądnicka;10874.165589712075;11066.906315589466;10991.65875058424;11066.717023515783;13151.447751803293;11015.99812456831;11556.502735636326
223;22.02.2020;14627.0;11264.834355306299;Wiślane Tarasy, 2 Pokoje, Balkon, Super Lokalizacj;11046.109411310515;11362.066640240395;11878.89326227324;11106.842624337696;9483.361965977298;11139.262130318171;10965.895999702276
224;22.02.2020;8640.0;11454.92305127631;Miechowity, 2 pokoje, 48m2;11228.97366077171;9540.163913622348;9282.447050971059;10981.47238241815;10059.056653113212;11221.789698155388;10025.864328965501
225;22.02.2020;9900.0;8141.538620727637;Nowoczesne 3- pokojowe mieszkanie ul Beskidzka;8446.766190774018;9950.252221155999;9018.014780977432;8453.214739028996;10130.581419729426;8347.173183510218;9361.505401343267
226;22.02.2020;16500.0;9268.512451869665;Apartament 81m2 na Sprzedaż / Wiślane Tarasy /3pok;9295.933339949812;8860.282362415883;10660.551344910305;9490.08236472325;16344.301239391627;9351.509385514242;11304.161083058014
227;22.02.2020;10000.0;12533.90678996114;2 pokoje + salon, ul. Botaniczna, 450 000 Pln;12318.3879166426;11436.808377720536;12183.31078988103;12149.154419153961;6714.160316155317;12333.816375252567;10667.023964752363
228;22.02.2020;9395.0;12854.392552422772;2 pokoje z balkonem na Olszy;12579.892065375014;10605.502989396968;10060.376106225234;12512.358408490369;9852.662104304378;12648.881008762719;10791.855552172325
229;22.02.2020;14986.0;12037.58261727347;Nowe, klimatyzowane mieszkanie 36 m2 ul. Rakowicka;11828.99975028544;11633.686879244195;12143.803074461699;11996.73516622248;9581.725001570105;11954.43917792713;11328.413533300782
230;22.02.2020;9868.0;11738.535730306188;Sprzedam 2 pokoje Olsza, Brogi, na już gotowe.;11454.259426152417;10771.14298696158;10060.376106225234;11600.246278365606;10888.21486950553;11597.680478274737;10829.353610241771
231;22.02.2020;10316.0;11043.867591574955;Przestronny apartament - ul. Grzegórzecka 102;11273.890646794109;10316.099991480938;12446.710984800973;11146.597183404921;9699.714477839121;11154.78514059133;10904.32764867809
232;22.02.2020;8354.0;9646.786056980143;Mieszkanie 5 pokojowe (Bonarka)/ III 2021.;9418.467421042636;8353.899983175199;8932.250273032949;9459.550286951027;10377.569474236381;9508.267921657936;9292.996913025618
233;22.02.2020;14255.0;12664.553632858018;Grzegórzki, z widokiem na Wisłę, 3 pokoje, taras;12585.5474740499;12631.5212905289;12971.149596632373;12509.996171331299;13782.98393012728;12586.699092746407;12993.08847750874
234;22.02.2020;14097.0;13428.608582096987;2 pokojowe, 26,5m2, Stare Podgórze, Zamoyskiego;13195.531658356429;13738.31226871113;12617.369513267478;13098.355982942228;12841.208455647524;13240.832074465216;13109.430578022837
235;22.02.2020;10980.0;9478.361201317279;Armii Krajowej, 50m2, 2 pokoje, 2 duże balkony;9808.70714603486;9992.27483568123;8992.011290531573;9677.85372656609;10059.056653113212;9654.974024639409;9674.579200991357
236;22.02.2020;14000.0;13008.041989920323;Studio z balkonem, ul. Fabryczna, Grzegórzki, 0%;12743.813348233314;13273.557685440264;12234.600533406667;12673.1578285544;12554.186156991165;12808.337722236012;12717.670524518528
237;22.02.2020;12241.0;11560.177590344952;3-Pok. Ekskluzywny 53m2 Apartament Przy Plantach;10521.040564277619;9862.469240428261;8974.727344756846;10122.732038688082;13252.780548594508;10734.650064436884;10706.156799554125
238;22.02.2020;12109.0;8982.253292666936;Mieszkanie dwupokojowe na ul. Chełmońskiego;8729.055389762761;9242.408444908942;9022.28785353993;8822.468028453806;10400.841280052156;8844.592236961167;9377.53245386555
239;22.02.2020;7024.0;9140.437103964452;Ugorek ul. Ułanów - przestronne 3 pokoje;9166.629718540828;7762.688850555928;8919.28847583407;9317.939555168387;9812.068598606256;9208.335459224554;8925.595346055203
240;22.02.2020;12025.0;8830.687852922147;Bożego Ciała, 158m²: Nowy, wyjątkowy apartament;9417.153343767966;11172.651459325798;13712.132453448461;9056.698405839239;13151.447751803293;9101.513200843117;11784.436216355167
241;23.02.2020;9476.0;9015.229591330706;Kawalerka okolica placu Bieńczyckiego;9208.913847019614;9307.956934119673;9946.955684786233;9631.414354805733;10932.215873603205;9285.185931052018;9868.078605890281
242;23.02.2020;9533.0;9639.939273726348;Sprzedam 45 m2 Czyżyny 2 Pułku Lotniczego;9820.78068132437;9492.62507674825;9022.28785353993;9911.873711183058;10405.22658080765;9790.864555411259;9677.751016626771
243;23.02.2020;12044.0;12488.914668908534;Umeblowane, gotowe,3-pok.mieszkanie na Zabłociu;12391.197892796945;11741.288697434764;12014.193829818743;12186.214302069933;10897.81606781526;12355.442287925136;11752.185220748477
244;23.02.2020;7041.0;10435.117610570811;2-Pokoje 43,6m2 ul.Kwartowa;10292.172594253694;9294.24233929731;9102.154716693243;10314.17337250516;9812.068598606256;10347.154525776556;9638.905045093343
245;23.02.2020;7670.0;10622.883694276712;Mieszkanie 70,40m², Kraków, Wola Duchacka Zachód;10515.138669653232;9075.665650751147;9017.915677595778;10238.677698352378;8015.8984059277445;10458.900020760773;9142.09493875886
246;23.02.2020;8770.0;8395.184722212245;2 pok /56 m2/ balkon/do wejścia/ Osiedle Oświeceni;8407.3229137328;9223.037717737254;8924.71191312965;8498.458266585529;8785.537253868515;8433.655300843524;8841.735546394735
247;23.02.2020;9778.0;11917.72634567347;Mieszkanie, 45 m², Kraków;11460.804159810768;10492.814348059164;9472.042402719248;11339.585597916654;10806.699517627649;11572.705367800298;10586.065409051589
248;23.02.2020;7447.0;4480.237597136884;Kraków Nowa Huta;4800.258130172904;7447.0997007399765;8927.484662781768;5039.029259167482;6304.045176823848;4773.1749954924235;6862.951133959505
249;23.02.2020;25000.0;14313.173195281644;mieszkanie Stare Miasto, inwestycja;13872.257065181055;14649.536784197206;15854.339838103459;13771.39448037362;18405.60692463947;13985.608246945441;15723.772948471393
250;23.02.2020;8910.0;10777.169905705137;2-pokojowe mieszkanie- Ruczaj;10588.411543178257;10641.440918868046;9346.927766804407;10629.787858579783;8255.79795457794;10665.123102487725;9727.32243568453
251;23.02.2020;8125.0;5790.68069616635;Jedyna taka nieruchomość z panoramą na Kraków!;6156.701137529673;8124.900335037604;8835.217880925142;6130.731634412799;9824.280648337699;6026.0378227029405;8202.609171750846
252;23.02.2020;9460.0;11282.174409251129;Kawalerka na Ruczaju;10924.123700559285;11194.30250302338;9959.533537860094;10984.50437093675;11549.418673038876;11063.600826915723;10941.713885209518
253;23.02.2020;8904.0;8411.590715508291;Mieszkanie na sprzedaż Kraków - Podgórze 50 m2;8567.801732929152;8592.60309731826;8924.71191312965;8850.16857406935;7355.309084620546;8609.853674168931;8370.619442309348
254;23.02.2020;16954.0;15074.562660133719;Mieszkanie, 16,81 m², Kraków;14824.62620327911;15990.89472525226;15096.35523304728;14400.439804983847;10806.699517627649;14766.542889465558;14165.123091348187
255;23.02.2020;8448.0;10404.898115391316;Mieszkanie Kraków 58m2 ODŚWIEŻONE +PARKING w cenie;10511.956822705171;9572.754644533024;8992.011290531573;10748.151028573999;9263.38665832824;10555.00198889016;9595.788645570748
256;23.02.2020;10242.0;10348.971943562716;Słoneczna kawalerka w sąsiedztwie Ronda Matecznego;9486.886167835513;10242.099346295821;9652.342099554222;9520.804033354221;10932.215873603205;9785.554048250817;10153.052841926015
257;23.02.2020;12131.0;14263.416444797978;2 pokojowe mieszkanie w ścisłym centrum Krakowa!!;14046.943982259625;14874.944067882569;14314.485506377157;13810.927071088565;10377.569474236381;14040.429166048722;13401.857053636206
258;23.02.2020;10494.0;11556.205795652113;Mieszkanie, 40,50 m², Kraków;11165.312176130046;10324.858269168426;9630.621892624587;11285.993705425037;9585.710872600283;11335.837225735731;10219.257065032256
259;23.02.2020;8582.0;7995.884895576142;Ładne Słoneczne Zadbane Z Tarasem Kobierzyn;7899.935436519614;8470.80123036261;8924.71191312965;7964.298410358525;10790.727411428501;7953.372914151427;9034.903367268047
260;23.02.2020;10137.0;9412.81523841964;Bronowice 3p parter - 2016r;9645.05253005129;9254.280265882986;9467.76933015675;9973.692110618353;11118.574555650794;9677.186626363095;9879.452694513406
261;23.02.2020;10766.0;8636.60600927855;Jasne Komfortowe Zadbane Taras Garaż Bronowice;8877.753845842362;8372.99899586307;9467.76933015675;9185.967983010421;10121.18987440403;8900.109279377111;9215.51686995024
262;23.02.2020;10375.0;7407.104671404486;Mieszkanie, 80 m², Kraków;7445.121345548387;7888.265992049327;8924.71191312965;7606.691310445381;10806.699517627649;7486.3057757994175;8776.495799651511
263;23.02.2020;13618.0;14434.319741391555;Stare Miasto - gotowa kawalerka pod wynajem;13846.129832462411;13730.411793105492;15550.129751174127;13547.102854136087;15223.122125098547;13942.517475996685;14611.545286343713
264;23.02.2020;9947.0;10091.841727556533;Nowoczesne mieszkanie - Ruczaj - ul. Piltza 3 pok;10190.691430110594;9557.892956940426;8992.011290531573;10287.16769356822;7963.369616304198;10189.900283745117;9175.79353688033
265;23.02.2020;8372.0;10204.429740792257;Mieszkanie, 59,60 m², Kraków;10103.917624269157;8731.483233668012;8979.049493332692;10293.778220460274;9411.409657077578;10200.70852850723;9330.662728146377
266;23.02.2020;6804.0;8561.14682962658;Dwupoziomowe, Kraków, Kuźnicy Kołłątajowskiej;8305.608597903487;8230.168088919649;8919.28847583407;8119.921086505656;9207.077848902027;8328.89217134524;8671.356646250246
267;23.02.2020;9872.0;8619.340794844447;Osiedle Ogrodowe, 39m2, 2 pokoje;8871.490393521317;8366.145136946749;9362.554590201133;9252.613042034693;8702.791008811782;8914.481410133487;8836.493036523287
268;23.02.2020;9425.0;9196.330449977859;Osiedle Europejskie 55,7M2 3 Pokoje;9134.903304050564;8915.227318607163;8992.011290531573;9443.473319972753;8702.791008811782;9258.235691333724;8967.06632732106
269;23.02.2020;10811.0;8634.944909522765;Prądnik Biały 55,5M2 3 Pokoje;8530.226876167451;9520.47488407406;8992.011290531573;8590.583542133021;9289.268068303616;8585.251775941078;9096.751504712582
270;23.02.2020;9000.0;11268.798296931229;Mieszkanie, 50 m², Kraków;11119.08528674326;9523.538218430713;9282.447050971059;11076.951822386283;9585.710872600283;11154.945135353591;9886.660319338913
271;23.02.2020;11650.0;12728.204211829947;Bezpośrednio sprzedam Kazimierz. 3 pokoje 60m2;12501.775327780999;11289.117475797379;13000.757703097173;12363.425140181418;15109.335052727738;12531.134893264121;12982.586281221604
272;23.02.2020;7519.0;4863.749250444963;Mieszkanie, 33,25 m², Kraków;4805.647707708627;7519.099576263121;9590.768413165615;5286.018661951784;10806.699517627649;4985.138540035125;8225.426511772877
273;23.02.2020;10805.0;9678.914168260344;Mieszkanie, 51,18 m², Kraków;9669.493268258904;9504.450274443703;8992.011290531573;9623.92364426033;10806.699517627649;9657.443693593194;9740.15119404903
274;23.02.2020;9545.0;10088.746965202725;Mieszkanie, 55 m², Kraków;9957.706127919158;9482.647895225391;9121.768251834315;10222.817567158158;10806.699517627649;10089.756886760013;9875.21813786184
275;23.02.2020;11423.0;13013.18274301817;Mieszkanie, 26 m², Kraków;12531.510269033171;12031.871361977508;12300.10118521082;12596.66626778962;10806.699517627649;12713.786426613655;11963.114622857407
276;23.02.2020;8778.0;9342.975079457721;Mieszkanie, 32,24 m², Kraków;9317.968869409484;8777.899905081122;9694.021930635303;9694.679687733838;10806.699517627649;9451.874545533681;9682.623974719438
277;23.02.2020;12931.0;9429.879106517119;Mieszkanie, 29 m², Kraków;9160.909613265336;9313.722868241435;9892.234160458172;9369.308280594978;10740.55563605345;9320.032333459143;9816.63624955305
278;23.02.2020;12212.0;11550.829642540151;Mieszkanie, 42,58 m², Kraków;11300.876043056232;10584.542048730564;9630.621892624587;11419.322630189627;10806.699517627649;11423.676105262004;10611.384891061201
279;23.02.2020;12857.0;13130.852333175157;Mieszkanie, 21 m², Kraków;13054.265474551356;14679.88307662086;15037.625843282289;12937.49948271099;10806.699517627649;13040.872430145835;13391.270216919156
280;23.02.2020;6207.0;12712.735408778626;3 pok mieszkanie w Dębnikach 58 mkw za 360 000 zł!;12313.69339264964;10957.445290003907;11925.523214925846;12426.02745337158;7684.491599406943;12484.152084933281;10762.903047317495
281;23.02.2020;6941.0;11766.382487271532;4 pok mieszkanie w Dębnikach 85 mkw za 590 000 zł!;11770.35357577165;9733.825472617147;11678.312740797859;11646.671026022146;7684.491599406943;11727.802363021778;10206.108043960932
282;23.02.2020;24032.0;14106.293012514696;Kazimierz | Sprzedaż mieszkań na krótki wynajem;13486.321797806622;14342.840156129918;15084.877448868954;13555.219590778079;17149.25245363779;13715.944800366466;15073.228714750781
283;23.02.2020;9089.0;8608.056237680841;60 m2 Prądnik Biały po generalnym remoncie;8429.529082834933;9089.099835280811;8979.049493332692;8308.464860605396;7098.77039942628;8448.683393707057;8403.90078043671
284;23.02.2020;7659.0;10090.40106197317;3 pokojowe mieszkanie Ruczaj Dębniki z tarasem;10183.783498593239;9115.588905920784;8992.011290531573;10291.404315897387;6800.018651451029;10188.529625487932;8774.03711834783
285;23.02.2020;10648.0;9796.767118557209;Nowy 3 pokojowy apartament do wejścia Ruczaj;9629.029147565025;9050.553388491538;8992.011290531573;9876.972660089685;11847.64527681056;9767.58964207064;9914.449899476078
286;23.02.2020;10700.0;12187.884242735432;Mieszkanie, 46,36 m², Kraków;12317.529113708619;12731.040412437937;12386.009813140066;12111.032234498485;10806.699517627649;12205.48186364751;12032.30790171329
287;23.02.2020;7806.0;11428.087114965068;Mieszkanie, 48,04 m², Kraków;11034.946400226256;9446.709934593207;9017.915677595778;11067.934179984382;10806.699517627649;11176.989231725236;10112.078590385467
288;23.02.2020;8905.0;11177.58136702801;Mieszkanie, 60,30 m², Kraków;11283.468918707727;9677.18437537212;9630.247320833643;10955.42847531668;9411.409657077578;11138.826253684138;9964.41690174187
289;23.02.2020;13830.0;9699.436477686004;Nowe 1 pok. mieszkanie Bronowice;9640.59184625385;10330.79136841181;10027.216859387037;10119.165979085643;10563.305668846007;9819.731434341833;10185.261332746672
290;23.02.2020;9442.0;8549.347179419168;Trzy pokoje, 62m, Prądnik Biały, Kraków;8724.352710047655;8597.41807659503;8992.011290531573;9004.25786549025;7978.2988350414125;8759.319251652358;8581.761863455093
291;23.02.2020;9545.0;9243.03056378767;Mieszkanie 55m², 3 pokoje, osiedle Europejskie;9212.137553230463;9089.166979823129;8992.011290531573;9466.28590174518;8759.099818237994;9307.15133958777;9036.857357045115
292;23.02.2020;8525.0;10327.291474941372;Mieszkanie, 61 m², Kraków;10551.258050216282;9062.89640545197;8979.049493332692;10650.382820977882;10806.699517627649;10509.644115378513;9839.572382947705
293;23.02.2020;6700.0;8050.760280484234;Nowe! 64m2 4pok z balkonem winda pętla/park;7823.652671363836;8529.703470285387;8924.71191312965;7901.783536974361;7798.896546748504;7925.398829607478;8294.677689942755
294;23.02.2020;8269.0;8931.96562447152;Prądnik Biały - 2 pokoje, kameralna okolica;9091.444117661298;8793.599700846209;8979.049493332692;9207.433656073235;9289.268068303616;9076.947799402018;9034.716265471134
295;23.02.2020;17900.0;13572.999726694234;Apartament 35 m2/wysoki standard/Stare Dębniki;13276.951829459998;13812.957115663303;13862.532726251926;13110.717550062745;19155.792291636473;13320.22303540566;15037.87629223934
296;23.02.2020;12999.0;13983.54810386115;Mieszkanie, 22,64 m², Kraków;13446.998924375794;14298.11307730396;14886.989351099748;13556.99469091129;10806.699517627649;13662.513906382745;13413.578963103526
297;23.02.2020;8967.0;9749.71265888622;Mieszkanie, 60 m², Kraków;9758.95978351198;8967.099845306922;8979.049493332692;9655.3825438844;9411.409657077578;9721.351662094201;9269.727664452848
298;23.02.2020;8400.0;9405.760611232323;Nowe! 3pok., IV-VIp., Balkon, ok. ul. Opolskiej;8910.012222320169;9308.99886410664;9022.28785353993;8746.34326278175;9318.574244556154;9020.705365444746;9167.641581911867
299;23.02.2020;17370.0;11408.66106191358;Mieszkanie, 31,03 m², Kraków;11238.03673663662;11143.257971999974;10001.213368941177;11425.972332831856;10806.699517627649;11357.556710460687;10827.181892257371
300;23.02.2020;11410.0;11830.7874614044;Mieszkanie, 52,50 m², Kraków;11835.214926892882;10534.276674858493;12142.032589616147;11508.703538889302;9585.710872600283;11724.901975728862;10996.730528200946
301;23.02.2020;8790.0;9189.168999899484;Mieszkanie, 61,32 m², Kraków;9088.075052541608;8789.899823329913;8992.011290531573;9192.909661569842;10806.699517627649;9156.717904670311;9436.332134039862
302;23.02.2020;10141.0;13074.368055493054;Piękne mieszkanie, 2 pokoje+kuchnia, Bronowice;12847.053268913016;11644.083693751736;12027.8266102081;12721.347705963153;12606.28145766088;12880.923010123073;12289.778692935946
303;23.02.2020;9952.0;11761.05757094032;Piękne mieszkanie 3- pokojowe PO REMONCIE 44,2m2;11366.007259043292;9776.665501297506;9610.536979239067;11318.96806891373;10753.152595419164;11482.010966299114;10405.591510563712
304;23.02.2020;10328.0;8843.44320181431;3 pokoje, klimatyzacja, Smart Home, balkon |Kraków;7905.181874186079;9321.604747757772;8974.727344756846;7790.478708177905;8172.392732715095;8179.701261392765;8662.10652165562
305;23.02.2020;9048.0;9501.322537890808;Bronowice - 3 pokoje do wejścia, miejsce postojowe;9710.969680470153;9249.939896510337;9467.76933015675;9954.608175932834;11477.553171265483;9722.300131431266;9979.39063234096
306;23.02.2020;9002.0;11948.489665025898;Mieszkanie, 94,42 m², Kraków;12048.270951507144;11046.144514092577;12753.846789018411;11468.946510409849;10806.699517627649;11821.90237564763;11607.148299096567
307;23.02.2020;11374.0;8447.197850872539;Piękna kamienica z windą- mieszkanie z tarasem;8838.764140440035;10226.211173469965;9857.543513014843;8590.765370148372;10847.036220854714;8625.575787153648;9889.091673623294
308;23.02.2020;19854.0;14132.3941454308;Stare Miasto - piękne mieszkanie, od dewelopera!;13835.491521762473;17541.480222031736;16273.84154640152;13409.287949834115;16118.751661243621;13792.391205675796;15931.616158838167
309;23.02.2020;14975.0;13648.857518439652;Kazimierz, 2 pok, wysoki standard !;13530.819216054595;13670.790478683732;14089.485666974877;13316.885513869041;18496.58026421871;13498.854082787764;14938.927623166272
310;23.02.2020;6500.0;9204.01824130863;PRESTIGE CITY - fantastyczne osiedle PROMOCJA !!!;9313.943064991017;8595.00291106246;8992.011290531573;9770.747458211526;9161.7814378628;9429.569588170392;9044.591306906806
311;23.02.2020;9111.0;11743.909606886953;Kraków, al. 29 Listopada 45m Garaż Balkon;10987.611943566995;10108.046981358859;9472.042402719248;10836.798392838711;7567.85459894515;11189.439981097554;9584.345991030203
312;23.02.2020;9741.0;11204.72599848888;Trzypokojowe jasna kuchnia 58 m2 Lea / Nowowiejska;11384.229300312154;9930.007249983337;10707.54557258179;11407.109282273512;8603.35322250915;11332.02152702485;10143.231893024782
313;23.02.2020;15000.0;13835.966456128233;NOWA Inwestycja - Kazimierz, Miodowa/Krakowska;13461.749003651523;14026.442396310613;14933.178833323786;13445.757466678775;14978.902921214056;13581.157642152844;14379.920448250325
