;data;cena_za_metr;linreg;ridge;svm;opis;nlp
684;15.02.2020;3659.0;8432.966094652842;8204.676535230978;9417.112927817325;Mieszkanie 2 pokoje, Mistrzejowice, TBS;7698.338768786389
240;05.02.2020;4439.0;3773.4607481504927;4010.800749961206;9443.27809801396;Mieszkanie, 180 m², Kraków;9625.230449705645
323;05.02.2020;4560.0;7482.388657356358;7966.028380702034;9437.33959529274;Mieszkanie, 41,67 m², Kraków;9625.230449705645
613;10.02.2020;5100.0;10700.120762080513;10534.343468042644;9444.71456192074;LIBERTÓW Apartament 81 m2 nowe kameralne osiedle;9162.580815552248
111;04.02.2020;5148.0;6709.194300867577;6293.669992212407;9433.448971978683;Wyjątkowy przestronny apartament Bieńczyce 135m2;8145.666866091107
608;10.02.2020;5258.0;7251.700855087503;6969.6667392715835;9442.22133803661;al.Słowackiego - strych - WZ - projekt;11768.346674583285
381;10.02.2020;5261.0;11178.642573853691;11205.634859805377;9485.760116453437;Licytacja mieszkanai * 41,17 m2 * ul. Płaszowska;8705.541106717155
431;10.02.2020;5350.0;6585.540984518908;6435.516962319962;9437.319979820055;Kraków, Bronowice Wielkie, Ojcowska 76;7814.07401512823
214;05.02.2020;5397.0;11273.944716200587;11318.618169686775;9485.798190070433;Nowe piękne osiedle PROMOCJA !!!;8887.652180625157
439;10.02.2020;5460.0;4926.098591381674;4957.708764947882;9441.461775905958;Prywatne Komuny Paryskiej nr 42.;9273.58197823641
227;05.02.2020;5480.0;7851.0650185229015;7535.8598987977175;9439.691481590588;Myśliwska Park, segment A, MD1;5479.999732215458
228;05.02.2020;5480.0;7851.0650185229015;7535.8598987977175;9439.691481590588;Myśliwska Park, segment A, MD2;5479.999732215458
229;05.02.2020;5480.0;7851.0650185229015;7535.8598987977175;9439.691481590588;Myśliwska Park, segment A, MD3;5479.999732215458
230;05.02.2020;5480.0;7851.0650185229015;7535.8598987977175;9439.691481590588;Myśliwska Park, segment A, MD6;5479.999732215458
231;05.02.2020;5480.0;7851.0650185229015;7535.8598987977175;9439.691481590588;Myśliwska Park, segment A, MD8;5479.999732215458
545;10.02.2020;5496.0;6833.135014913147;6826.458805343968;9430.958692767286;Mieszkanie, 111,35 m², Kraków;9163.37317273129
403;10.02.2020;5620.0;7464.238181443944;7785.605107123323;9433.33768584516;Mieszkanie Kliny ul. Bartla;9020.110479438508
349;05.02.2020;5652.0;10974.5476296569;11037.5502283443;9472.588773646907;Mieszkanie cały segment Kraków Zielonki z ogrodem;5652.003942736752
295;05.02.2020;5750.0;7053.8564442510715;6673.940560575646;9429.710337818757;Bieńczyce - nowoczesna inwestycja mieszkaniowa;7459.749013482327
616;10.02.2020;5800.0;11845.53499560797;11998.52278377487;9495.567991217806;Kraków Sidzina Apartament 57 m2 kameralne osiedle;7005.754285552812
687;15.02.2020;5850.0;7054.238001856452;7276.321971640072;9432.804156149807;Apartament dwupoziomowy przy Lesie Borkowskim.;10385.53308519629
388;10.02.2020;5949.0;7816.9444814799335;7672.947681663078;9441.706035918884;NOWOŚĆ - II poziomowe + garaż, ogród ! Balicka ok;9895.974580381811
163;05.02.2020;6014.0;9418.003605267657;9527.457363743286;9444.710407286038;Mieszkanie 3-pokojowe, 73 m2, Kraków, Ruczaj;7551.894553514093
336;05.02.2020;6036.0;8093.840767438674;8290.751361628645;9434.974663172512;2pok. z BALKONEM / przedmieścia Krakowa / Węgrzce;9657.334793666472
73;04.02.2020;6131.0;8459.590569865633;8539.1617120764;9428.53872832513;4 Pokoje na sprzedaż przy ul. Słomczyńskiego;8370.116563089276
536;10.02.2020;6190.0;8555.058312486999;8584.907371515063;9429.515063670848;Prokocim - 3 pokoje do odświeżenia;7287.090376204098
110;04.02.2020;6268.0;8849.74614243224;8746.905047040811;9451.416245260887;Krowodrza Kazimierza Wielkiego Duże Mieszkanie;9089.990604732964
350;05.02.2020;6283.0;7944.267409475562;7924.418077602768;9436.01687120772;Nowe widokowe mieszkanie 113 m2, Opolska, Banacha;8776.494775479627
624;10.02.2020;6320.0;8719.821081962073;8812.905961898023;9434.527466615047;Mieszkanie Kraków Biały Prądnik bez pośrednika;7129.738235198323
79;04.02.2020;6405.0;8007.38091737346;8031.411561678466;9427.326302224645;Górka Narodowa/Kuźnicy Kołłątajowskiej II Poz.;7866.096773844744
310;05.02.2020;6410.0;9068.0588452772;9179.249388452059;9440.183710708789;Funkcjonalny apartament na granicy Ruczaju i Borku;9030.144473190016
178;05.02.2020;6442.0;8578.355258463655;8249.111802396435;9419.008710312164;2 pokoje 52m2 osobna kuchnia Nowa Huta Krakowiaków;9029.473161991062
525;10.02.2020;6500.0;9458.485514616157;9191.071373731185;9426.212753456046;2niezależne pokoje w samym sercustarej Nowej Huty;9527.873648841378
213;05.02.2020;6500.0;8909.196388170736;9047.889874629973;9440.279164854117;PRESTIGE CITY - fantastyczne osiedle PROMOCJA !!!;9006.586911447132
2;02.02.2020;6527.0;6727.094519740125;7325.40221950767;9441.438176370653;3 pok. z ogródkiem na ul. Adama Prażmowskiego;9207.741559218714
379;10.02.2020;6574.0;8930.714039570772;8579.286028794253;9423.895282210002;Kraków, Nowa Huta, os. Hutnicze - 2 pokoje, 54 m2;6098.875600947949
354;10.02.2020;6574.0;8930.714039570772;8579.286028794253;9423.895282210002;Okazja ! os Hutnicze 2 pokoje 54m2 6500 zł/m2;8255.99094825401
411;10.02.2020;6591.0;8441.485815242773;8098.101829400203;9418.304604889508;Bezpośrednio mieszkanie na Os. Krakowiaków /57.5m2;8131.359661775078
138;04.02.2020;6625.0;9243.806132077443;9335.262852657173;9442.455643839272;Ruczaj Mieszkanie Z Miejscem Post.;8207.840463879518
89;04.02.2020;6648.0;9491.05748427234;9556.663614748197;9446.609372999397;Mieszkanie, 88 m², Kraków;9625.230449705645
522;10.02.2020;6667.0;7870.298748834448;7825.4516799348185;9428.145633584894;Do remontu 4 pokoje, Bieżanów Prokocim- Teligi;6632.183695199222
607;10.02.2020;6667.0;8704.370432364325;8749.645523874588;9430.845267316883;Mieszkanie Prokocim Nowy, Teligi, 57m2, 4 pokoje,;8589.158425001917
425;10.02.2020;6667.0;9046.36314452038;9257.363849030762;9433.413087860761;Mieszkanie 2-pok z garażem - Solvay Park;8981.787701373665
557;10.02.2020;6678.0;7985.029735020864;7710.462078152399;9413.712914572347;Mistrzejowice, os. Boh Września 2 pokojowe 59m2;7911.413194765262
482;10.02.2020;6696.0;8675.137212585705;8462.722331612833;9420.463965506857;Mieszkanie 3 pokojowe Bieńczyce;7943.384875555759
185;05.02.2020;6756.0;7557.093618924784;7805.908074345507;9439.444565535623;Drugi Etap! Zielonki- KrK!! POPIELATE WZGÓRZA 2.0!;9273.58197823641
377;10.02.2020;6780.0;8755.2583305061;8586.181815255832;9443.74140100555;6 Pokoi,177m2, Centrum Krakowa;11687.205200395385
428;10.02.2020;6812.0;6137.569312874823;6619.154828987035;9440.57182963199;Mieszkanie dwupoziomowe Kraków - Sidzina;7646.730109553877
443;10.02.2020;6829.0;9278.871806519579;9232.90632811468;9459.696420274478;4 pokojowe mieszkanie w zielonej części Bronowic;9599.420585572232
498;10.02.2020;6846.0;8033.853312259978;8151.228113901824;9430.141415498578;Mieszkanie, 63,10 m², Kraków;8560.893140021793
21;03.02.2020;6858.0;6695.385366228738;6753.39143180939;9425.640820772443;Atrakcyjne dwupoziomowe Kordiana;8438.9057635245
329;05.02.2020;6873.0;8923.171001987173;8970.56560596262;9441.816869268661;2 pok po remoncie 48m2. Prądnik Biały;8851.183860112915
67;04.02.2020;6900.0;8569.053033302553;8522.416749056636;9426.210112035009;Apartamenty Działkowa B6-do odbioru VI 2020;7308.332987574951
475;10.02.2020;6902.0;9085.635775661523;9216.514435178862;9438.018327253241;Mieszkanie, 47,80 m², Kraków;8218.143424178046
317;05.02.2020;6907.0;8532.470954974837;8539.500773955195;9437.054045903544;3pok 64m2 Prądnik Biały Pachońskiego Wyki balkon;9818.227146522537
262;05.02.2020;6935.0;8161.930118435949;7913.924464623131;9419.257985475508;3 niezależne pokoje - Os. Kombatantów - 62m2;8695.520829966094
464;10.02.2020;6947.0;8177.4498313165805;8285.575510324075;9435.349545133247;Gotowe 3 pokoje, zielona część Bronowic;8083.478951192418
22;03.02.2020;6947.0;8177.4498313165805;8285.575510324075;9435.349545133247;3 pokoje, zielona część Bronowic Gotowe;8083.478951192418
0;02.02.2020;7014.0;5905.305323726563;5370.4282026996325;9437.17305702342;Kraków – Nowa Huta – os. Centrum E– 74 m2;6163.217154587559
481;10.02.2020;7019.0;8887.478426211264;8945.357205872631;9439.513684265987;Lokal 47,8m2 na ul. Białoprądnickiej;8224.323658399358
8;02.02.2020;7024.0;8978.373894861143;8979.09275472756;9444.68548797879;Mieszkanie 84 m2 4pok. Kraków Żabiniec;9522.970178083642
689;15.02.2020;7042.0;11522.108631770396;11573.988709066798;9490.39942439088;Mieszkanie, 55,24 m², Kraków;9625.230449705645
501;10.02.2020;7074.0;6656.345286709513;6199.061109068049;9436.735580387183;Mieszkanie, 43,82 m², Kraków;10158.801051421367
59;04.02.2020;7090.0;7982.541199689575;7707.71644227974;9413.706413167956;Mistrzejowice 3 pokoje do wejścia;7797.921550203746
149;04.02.2020;7097.0;8423.970814530647;8419.791049907271;9435.980585393128;Mieszkanie 3/4 pokoje Z OGRÓDKIEM - Prądnik Biały;7958.549633787364
445;10.02.2020;7101.0;10215.738621721983;10250.553787627809;9476.44061530841;ZIELONKI !! Popielate Wzgórza 2.0!! II ETAP !!;9273.58197823641
371;10.02.2020;7128.0;6577.209863174479;6111.749888317467;9436.63683045297;Kraków – Nowa Huta – os. Stalowe – 47 m2;4474.798506824322
680;15.02.2020;7162.0;7795.216527684022;7961.275056909592;9434.682795562094;Kraków Mistrzejowice os. Oświecenia 68m2 +Balkon;6063.606785173029
448;10.02.2020;7175.0;8204.970622677789;8249.415049967572;9426.906121278816;3 pok. 72 m2, Górka Narodowa, Prądnik Biały;6089.486280527509
271;05.02.2020;7183.0;9077.731896586645;8981.542164597378;9429.051508481445;Z potencjałem 52m2 - do remontu, Prądnik Czerwony;8054.501736913852
297;05.02.2020;7183.0;9801.75385543908;9963.991923543519;9434.008244012466;Kraków,Pr. Czerwony, Na Barciach - 2 pokoje,51,5m2;8089.836302253709
543;10.02.2020;7184.0;9924.18868342483;10054.01873030187;9447.079630594382;Mieszkanie2pok 51,5m2,Na Barciach-Prądnik Czerwony;10394.303518570076
65;04.02.2020;7200.0;9650.498530023344;9677.22469282549;9456.659621258146;Mieszkanie, 61,20 m², Kraków;9625.230449705645
70;04.02.2020;7200.0;8673.571517216682;8637.733455708305;9426.73406267954;Apartamenty Działkowa C6-do odbioru VI 2020;7308.332987574951
71;04.02.2020;7250.0;8721.849102643684;8690.998791637885;9427.030818880217;Apartamenty Działkowa C7-do odbioru VI 2020;7308.332987574951
72;04.02.2020;7250.0;8721.849102643684;8690.998791637885;9427.030818880217;Apartamenty Działkowa C9-do odbioru zVI 2020;7250.002720569916
517;10.02.2020;7290.0;8701.361405989117;8941.64615413501;9430.742094296103;Mieszkanie, 54,73 m², Kraków;9625.230449705645
60;04.02.2020;7299.0;8702.74538574382;8360.887393271396;9421.491987995814;Os. Urocze Nowa Huta, Mieszkanie 3 pokojowe.;7314.469166379722
66;04.02.2020;7300.0;8560.592013176172;8513.081587089597;9426.17502221239;Apartamenty Działkowa B1 z pięknym tarasem pow.45m;7044.080486705535
275;05.02.2020;7300.0;8197.550652312924;7944.939381677457;9414.794667464083;Nowa inwestycja - Mistrzejowice;7531.287545990955
533;10.02.2020;7300.0;8686.76014551474;8709.730198060039;9438.802166487825;3pok balkon 14,5m2 Prądnik Biały/ok.29 Listopada;8089.995516485193
532;10.02.2020;7300.0;8681.036514252777;8703.415235552922;9438.733399289473;3pok balkon 11,45m2 Prądnik Biały/ok.29 Listopada;8230.776201357665
274;05.02.2020;7300.0;9509.705991467623;9556.836291521091;9454.003603093617;Nowa inwestycja ul. Łokietka;9070.049325239104
351;10.02.2020;7300.0;9275.01159955419;9433.94568539082;9430.064130212868;3pok os kuchnia balkon Prąd. Biały/ok.29 Listopada;6610.284162043602
531;10.02.2020;7300.0;9208.31885267565;9360.362644003564;9429.769995339673;3pok os kuchnia balkon 9m2 ok.29 Listopada;7586.021041870599
528;10.02.2020;7300.0;9162.529802579937;9309.842943946644;9429.600677198256;3pok os kuchnia balkon 9m2, ok.29 Listopada;7586.021041870599
407;10.02.2020;7300.0;10258.879693710132;10455.207725114684;9458.24888129792;2 pokoje z Balkonem, 39,5 m2, Ruczaj;7247.142901674202
68;04.02.2020;7300.0;8665.1104970903;8628.398293741264;9426.685538906415;Apartamenty Działkowa C1 z dużym tarasem;7427.956712561405
69;04.02.2020;7300.0;8810.440960437563;8788.743428704536;9427.659753954104;Apartamenty Działkowa C3 z dużym tarasem;7427.956712561405
16;03.02.2020;7301.0;8703.2430928101;8361.436520445986;9421.491789406235;Mieszkanie-Nowa Huta, os Urocze, 68.50m2, 3 pokoje;7902.238381347906
420;10.02.2020;7325.0;9882.094572273494;9611.851787341207;9443.818389287293;Mieszkanie dwupokojowe, ul. Centralna/Aleja Pokoju;8919.736118207586
433;10.02.2020;7350.0;8771.61980926946;8745.91150909106;9427.371132964458;Apartamenty Działkowa C15-do odbioru VI 2020;7308.332987574951
394;10.02.2020;7350.0;8783.315925326517;8758.815997692556;9427.455998278061;Apartamenty Działkowa C12-do odbioru VI 2020;7308.332987574951
253;05.02.2020;7357.0;9110.76826768913;9252.733717795341;9429.442083914935;65m2, 3-pok, 29 Listopada, Bez Pcc;8528.802754768338
541;10.02.2020;7358.0;7843.304655256592;7595.20616849631;9418.740910359578;Mieszkanie 2 pokojowe Bohaterów Września;8367.351070259067
555;10.02.2020;7361.0;8613.299004335602;8757.810835996543;9434.176472170542;Kozłówek - 2 POKOJE W STANIE DOBRYM - blisko MPK;8437.375473716873
254;05.02.2020;7362.0;8363.2505524472;8352.797534614398;9435.445419157142;Prądnik Biały - 4 pokoje, osobna jasna kuchnia;9359.136668841602
85;04.02.2020;7389.0;10054.706691428544;10036.106996492841;9437.424345032994;Mieszkanie - Kraków Mistrzejowice;6814.1335552104665
272;05.02.2020;7410.0;9201.094080473582;8928.111986647922;9422.796276055093;Słoneczne mieszkanie przy G. Morcinka;8454.061991146578
427;10.02.2020;7418.0;10707.670334468166;10799.641094506653;9480.32482104131;Kawalerka na poddaszu, 35 m2, ul. Szlachtowskiego;10775.797771851941
49;04.02.2020;7441.0;9721.47256677678;9672.19336853967;9460.245298514707;Mieszkanie dwupoziomowe z garażem Kraków Wrocławsk;7646.730109553877
509;10.02.2020;7483.0;11532.178112005337;11548.783049404177;9491.15644528932;2 pok. mieszkanie 60 mkw przy pl. Bohaterów Getta!;7121.5329306495805
494;10.02.2020;7497.0;10286.891083218488;10434.71796682447;9460.11747147549;Rozkładowe 3 pokoje Wola Duchacka po remocie;7497.0014987406175
666;13.02.2020;7499.0;9836.143265737388;9882.049128925719;9459.886925901335;Mieszkanie, 53,74 m², Kraków;9625.230449705645
642;10.02.2020;7500.0;7265.650345316073;6928.6067571682;9420.710729880751;ciche 2 pokoje, os. Na Stoku, 42m;9181.860525463813
505;10.02.2020;7500.0;8702.163472662876;8741.987412036673;9440.93718295249;Trzy pokoje - Wielicka!;8850.337711000679
363;10.02.2020;7500.0;10488.361193412904;10713.66408432218;9452.065568750213;Umeblowane M2 z pięknym widokiem blisko Bonarki;8252.706337959007
378;10.02.2020;7500.0;8600.302609614557;8251.79651097929;9419.416949004883;os Szkolne 2 pok Gotowe do zamieszkania 7500zł/m2;5979.173758585232
580;10.02.2020;7501.0;8028.802081067427;8073.105933903465;9436.329928366204;Mieszkanie, 61,64 m², Kraków;9625.230449705645
343;05.02.2020;7526.0;8027.913186543896;7766.5116297244285;9419.810539685348;Osiedle Bohaterów Września! Do remontu! Koło plant;6643.720605825887
444;10.02.2020;7528.0;7898.652524407444;8077.385550916133;9427.705972080928;2 pok. /53m2/Podgórze/Kurdwanów/ul. Bujaka;9374.217984163839
17;03.02.2020;7531.0;7987.28091789887;8111.143579461208;9432.829973194031;2 oddzielne pok. na ul. Witosa;9454.566767797434
392;10.02.2020;7533.0;9307.080654305493;9298.32694239858;9450.877556990949;4 pokoje, 75 m2, Płaszów, okol. ul. Saskiej;8964.885133863263
136;04.02.2020;7541.0;9716.627845022309;9856.93366846234;9449.395422809803;Mieszkanie 3 Pokojowe, Ruczaj Ul. Obozowa;8530.128590398901
628;10.02.2020;7543.0;7901.141059738733;8080.131186788792;9427.730781348333;Bujaka - 52,9m2, 2 pokoje, miejsca parkingowe;8049.683880686506
359;10.02.2020;7596.0;8877.584487406042;8571.179323202283;9419.841773646196;słoneczne mieszkanie na 2 piętrze w cenie meble;8356.571177555588
620;10.02.2020;7597.0;10443.575247188624;10487.314712856432;9476.696726173088;Dla Rodziny na Pasterniku 77m Świetnego Mieszkania;7822.567385193127
19;03.02.2020;7600.0;7937.705765084811;8129.130979549867;9427.142024914292;Własne Miejsce - Piaski Nowe Bochenka 42,18 m.;8889.750657303326
96;04.02.2020;7600.0;8024.9778392287135;8120.936880351555;9432.957498947728;Mieszkanie 2-pok Brzozowa Residence;10117.214697867663
40;04.02.2020;7606.0;8321.737218380247;8698.14577250917;9441.380352399527;Mieszkania w zabudowie bliźniaczej przy Tynieckiej;9857.41248732512
121;04.02.2020;7607.0;9642.259180774721;9780.1478876182;9440.932895014486;Bonarka! 6 pokoi balkon piwnica pod inwestycję;9458.357680780848
99;04.02.2020;7608.0;9234.465473382044;9418.201893773788;9440.129528857;Mieszkanie z balkonem, ul. Zdunów, Borek Fałęcki;7270.010318649811
469;10.02.2020;7627.0;6637.964239375226;6455.964992899351;9429.4738268886;Prokocim: duże, dla rodziny lub na gabinet/biuro;6155.5927010631085
333;05.02.2020;7629.0;8829.092104778658;8805.36490180422;9444.171928237229;Parking, Balkon, Klima 97m2 dwupoziomowe |Żabiniec;8358.469701362677
200;05.02.2020;7647.0;9563.937673929571;9674.904159823613;9445.923354591312;Kameralne Z Tarasem I Ogródkiem, Chełmońskiego;9519.5191884953
120;04.02.2020;7650.0;9852.23181854824;9877.322333832688;9456.051260706594;Mieszkanie, 60 m², Kraków;8190.894327603822
594;10.02.2020;7650.0;9741.513198335197;9884.390027188927;9449.81549482295;3 pokoje - Ruczaj !!!;8549.791041466278
553;10.02.2020;7659.0;9743.255173067098;9886.311972299787;9449.844992713626;Ruczaj, 3 pokoje, taras;9302.63749612066
463;10.02.2020;7659.0;9743.255173067098;9886.311972299787;9449.844992713626;3 pokojowe mieszkanie Ruczaj Dębniki z tarasem;10203.893457767434
599;10.02.2020;7660.0;8363.2505524472;8352.797534614398;9435.445419157142;Prądnik Biały - 4 pokojowe w spokojnej okolicy;8564.14439908734
384;10.02.2020;7670.0;9929.039702579163;10039.89552833614;9453.424888891072;Mieszkanie 70,40m², Kraków, Wola Duchacka Zachód;8328.198920601259
575;10.02.2020;7671.0;9915.998067216486;10082.167833610663;9443.828030482338;Mieszkanie 73m2 s.deweloperski Bonarka ul.W.Sławka;9020.110479438508
455;10.02.2020;7700.0;8458.510609767709;8412.452826098872;9425.059495704143;Mieszkanie 52,34 m2 Kraków;8483.14678384931
221;05.02.2020;7714.0;7407.749046025454;7093.767211204788;9416.143397768728;Os. Piastów 4 pokoje!;8695.520829966094
98;04.02.2020;7719.0;8589.947038428161;8674.164919467883;9427.678251184132;57m2, Górka Narodowa, Taras, 9 piętro, 3-pok!;9580.224376816954
547;10.02.2020;7729.0;8314.67476458095;8428.33453127749;9430.317650386629;3-pokojowe mieszkanie, 48 m2, Kozłówek;8489.015696559612
447;10.02.2020;7737.0;10173.274078313798;10360.757851095223;9456.994462340414;Mieszkanie Kraków, Podgórze, Ruczaj, Kobierzyńska;7946.616230763749
393;10.02.2020;7759.0;9730.131660624584;9765.085040750571;9458.054897934686;3 pokoje, 58 m2, Płaszów, okol. ul. Saskiej;8964.885133863263
551;10.02.2020;7789.0;6564.767186518087;6098.021708954207;9436.62438429643;Mieszkanie, 47,50 m², Kraków;8218.143424178046
395;10.02.2020;7800.0;9066.262392494049;9070.994796413857;9429.997492082219;Apartamenty Działkowa B13-do odbioru VI 2020;7308.332987574951
637;10.02.2020;7824.0;7925.064408208476;8123.52604142876;9427.448473188135;2 pokojowe ładne, mieszkanie ul. Pagórkowa;9470.909595765062
316;05.02.2020;7830.0;9002.526494003083;8757.247575050123;9421.179971183961;Osiedle Na Lotnisku, 2-pok, 36 m2;9757.912976976973
548;10.02.2020;7848.0;6545.107757400905;6076.331185560202;9436.60645157321;Mieszkanie, 48,29 m², Kraków;7934.021193670926
255;05.02.2020;7848.0;9186.082758871018;9259.292701559965;9432.953465764189;79m2 3pok z z garażem i piwnicą -Dobrego Pasterza;11058.899904159985
663;10.02.2020;7851.0;9257.163006314895;8968.94943163309;9424.13237140554;2 pokojowe 47 m2 w Nowej Hucie, os. Na Skarpie;7606.354267963591
235;05.02.2020;7863.0;9243.806132077443;9335.262852657173;9442.455643839272;Mieszkanie 3 pok. Ruczaj;8030.996547749994
346;05.02.2020;7877.0;10262.503436971858;10407.810735272415;9459.661477341035;Mieszkanie, 57 m², Kraków;8203.022252632134
118;04.02.2020;7889.0;10085.9434799586;10232.485062024689;9449.438206478122;Mieszkanie 3 Pokojowe + Os. Kuchnia P. Czerwony;7890.645095243691
538;10.02.2020;7891.0;9757.50554926876;9795.287035349818;9458.532109227137;Mieszkanie, 56,90 m², Kraków;9625.230449705645
500;10.02.2020;7900.0;6597.118145824841;6133.71497529877;9436.658500648984;Kraków Nowa Huta os. Strusia - 3pokoje, 46,2m2;6321.415414064007
29;03.02.2020;7909.0;6744.140949071845;7345.938086028911;9441.207262646496;Sorzedam 2- pokoje, ul. Petrażyckiego;9362.061057025268
189;05.02.2020;7912.0;8886.503889174006;9031.261727583667;9429.138694832161;Mieszkanie 3 pok. 61m2, Kużnicy Kołłątajowskiej;8971.777553116155
108;04.02.2020;7930.0;8545.137857726264;8522.72839656702;9438.648397568795;Apartament dwupoziomowy Żabiniec Krowodrza;9682.454834399743
134;04.02.2020;7936.0;8888.744307179695;9075.166658553504;9436.396107669128;SPRZEDAŻ mieszkania 47m2 (Żywiecka) BEZPOŚREDNIO;8065.905875557997
410;10.02.2020;7941.0;10494.02229270587;10567.302933847495;9475.386061475481;Ul.Sienkiewicza -Mieszkanie w Kamienicy-Centrum;9267.411726395432
535;10.02.2020;7951.0;8599.661408919634;8613.63294251698;9437.786644814056;3 pokojowe w nowym bloku, Prądnik Biały;8531.393372239352
201;05.02.2020;7970.0;9726.48437640972;9448.987039814167;9434.553015161431;2 pok. balkon, 50m, os Kolorowe, bezpośrednio;9075.689378922725
615;10.02.2020;7979.0;10228.904164618758;10228.301507578954;9439.69944932563;Kraków Mistrzejowice, os. Piastów - 47m,3pok+Balko;7929.360773258428
28;03.02.2020;7982.0;9273.6647553946;9137.971953323784;9427.616926346971;Komfortowe mieszkanie 45m2 Kraków, ul. Okulickiego;8405.185459743301
429;10.02.2020;7982.0;8336.127591626162;8106.118975709245;9420.335916939594;Os. Kombatantów | 55m2 | 3pokoje | Zielona okolica;9315.232918738679
416;10.02.2020;7992.0;8141.118630730177;8115.967828166754;9438.867369095964;Przestronny apartament dla rodziny;7864.348287566578
486;10.02.2020;7995.0;9672.822862882917;9659.515146453994;9464.404230391627;3-pok 76 m2 *Kazimierza Wielkiego*;7294.840816413036
51;04.02.2020;7999.0;9857.510076266724;9972.20849921991;9436.98561702988;ul. Łepkowskiego - mieszkanie 2 pokojwoe;8278.560178733338
665;10.02.2020;7999.0;9857.510076266724;9972.20849921991;9436.98561702988;ul. Łepkowskiego - mieszkanie 2 pokojowe;8729.35929505989
493;10.02.2020;8000.0;9857.510076266724;9972.20849921991;9436.98561702988;Bardzo ładne mieszkanie - ul. J. Łepkowskiego;8278.560178733338
263;05.02.2020;8000.0;9780.722996834353;9876.255630325677;9450.855167354634;Mieszkanie, 76,36 m², Kraków;9144.223253597615
160;05.02.2020;8019.0;10040.137438089849;10213.866331907979;9454.880717369788;2-pok z dużym tarasem! Ruczaj Czerwone Maki;9294.20468956931
105;04.02.2020;8021.0;10150.856058302892;10206.79863855174;9460.617713654783;Mieszkanie, 48 m², Kraków;9625.230449705645
312;05.02.2020;8033.0;6734.817792384127;7278.107438425139;9440.718182760977;3 pokojowe , komfortowe Kraków Dębniki Ruczaj;9887.433624462406
472;10.02.2020;8044.0;8360.561217592185;8522.988960360024;9437.257929500434;Kurdwanów Witosa - jednopokojowe z balkonem;8410.46372015642
198;05.02.2020;8044.0;8360.561217592185;8522.988960360024;9437.257929500434;Witosa - jednopokojowe z balkonem;8410.46372015642
375;10.02.2020;8045.0;10519.408140866759;10613.427311292504;9464.866421260247;Mieszkanie, 33,19 m², Kraków;9625.230449705645
474;10.02.2020;8053.0;7991.08234457346;8155.934364556182;9428.014627427352;mieszkanie przy ul. Filipowicza na Kurdwanowie;10090.280684024936
635;10.02.2020;8073.0;8336.127591626162;8106.118975709245;9420.335916939594;Trzypokojowe mieszkanie na Os. Kombatantów - 55m2;8839.909947877053
183;05.02.2020;8086.0;9856.981237706996;10011.787531680293;9451.786454838677;55M2 Oddane Do Użytkowana Nowa Inwestycja Ruczaj;7781.88920037691
83;04.02.2020;8088.0;10025.50109766317;10185.620466931092;9453.25936794981;Mieszkanie przy ul. Elsnera;9603.940988527218
366;10.02.2020;8116.0;9768.062690113029;9912.73797767639;9449.31627254772;Okazja! Mieszkanie na Azorach ul. Weissa 2 pokoje;9723.440243532255
408;10.02.2020;8119.0;9378.458816422546;9372.004089573205;9458.371760883714;Krowoderskich Zuchów, 5 pokoi, 67m2!;8630.333177798351
558;10.02.2020;8133.0;7165.613941689291;7456.128802404271;9433.485500210403;Trzy pokojowe mieszkanie, 83m2, Bartla;9599.420585572232
476;10.02.2020;8133.0;9582.246937132715;9708.669331338766;9447.188588961875;Ruczaj, 3-pokoje, garaż;9186.36844274793
257;05.02.2020;8143.0;9197.729632156346;9039.305864871176;9426.937110294411;Bieńczyce , 2 pokoje 37m2;7834.536336815967
259;05.02.2020;8150.0;8062.840007406926;8337.108282981466;9428.817639993697;Borek Fałęcki | Zdunów | 3 pok | Eng;8289.072839380962
487;10.02.2020;8155.0;7450.716164775466;7583.1710938375545;9424.769963449946;3-pokoje 76 m2 z 20 metrowym tarasem, Bujaka;8443.046208111302
133;04.02.2020;8181.0;9747.236829597161;9890.704989696042;9449.912458144767;Borek Ruczaj 3 pokoje balkon miejsce postojowe;8715.765954740064
319;05.02.2020;8181.0;9019.456020758695;9180.97895437607;9437.090637227728;3-pok, ul. Zdunów, 8150 zł/m2, Borek Fałęcki;7641.715287878922
353;10.02.2020;8187.0;8295.882573911173;7883.013025398823;9424.21218379269;Mieszkanie, 34,20 m², Kraków;9468.647001566056
422;10.02.2020;8188.0;7811.522975911355;8125.25606012075;9432.145264271952;Atrakcyjny Apartament /ul. Babinicza , Kraków;9005.976441320518
458;10.02.2020;8200.0;8762.567462517129;8924.409345553207;9430.212688133413;Nowe! 3pok., I-VIp., Balkon, ok. ul. Opolskiej;10903.171241000773
140;04.02.2020;8201.0;9969.21418114812;10135.615709537204;9453.698255411236;Ruczaj 2-3 pokoje z ogródkiem, stan deweloperski;8302.96583288756
299;05.02.2020;8204.0;10252.336371885976;10038.908025813593;9443.50314989584;Kawalerka w Bieńczycach do remontu;10188.559434539755
280;05.02.2020;8215.0;9231.363455421;9321.53467329388;9442.31166559077;3 Pokojowy Apartament Na Ruczaju Nowe;9381.745725859182
209;05.02.2020;8235.0;9126.841170848564;8975.979436836917;9425.723549518414;Sprzedam Mieszkanie Kraków, ul. Okulickiego;8711.840249354625
370;10.02.2020;8245.0;9849.266778180001;10003.276060475051;9451.65430077733;Komfortowe, 56m², dwupoziomowe, Ruczaj, Pychowicka;8478.290967815188
688;15.02.2020;8250.0;9527.725339648456;9507.469915380556;9464.018459260496;Apartament nad wodą w Bronowicach;9801.70257610758
278;05.02.2020;8250.0;9639.989891051106;9798.624597754902;9444.161857186113;3 pok fajny standard ul.Pszczelna;8518.049639030616
219;05.02.2020;8254.0;9606.634583379346;9735.576562890821;9447.579479367705;Ruczaj, 3-pokoje, ogródek;8549.791041466278
660;10.02.2020;8273.0;8990.882013524666;8885.719472641587;9427.991314972638;3 pokojowe po remoncie 55 m2, Prądnik Czerwony;10111.250255318053
641;10.02.2020;8278.0;7703.587890131951;7798.1410899781085;9430.136773989569;Witosa, 3 pokoje, 60m2;9490.57204683244
488;10.02.2020;8278.0;7703.587890131951;7798.1410899781085;9430.136773989569;3-pok mieszkanie z widokiem na park. Witosa;9269.103204121098
338;05.02.2020;8288.0;8600.150033286445;8685.422026545784;9427.727198837645;Górka Narodowa/Felińskiego 56m2,balkon do Wejścia;7760.282984109546
491;10.02.2020;8289.0;8204.080352037861;7972.370690455594;9420.631526432737;2 pokojowe z osobną kuchnią 0s. Piastów;9724.381094562965
345;05.02.2020;8296.0;11316.639226510419;11398.615824214097;9492.418904655062;0% Prowizji - świetna lokalizacja - Komunikacja;10411.739054497903
622;10.02.2020;8298.0;9357.122964712167;9396.37044950114;9452.03552869722;Prądnik Biały Ul. Belwederczyków 3 Pok;7807.990376824091
15;03.02.2020;8300.0;8875.820210033233;8913.561835815286;9441.42214449317;Gotowe mieszkanie |Kraków |Pachońskiego |Bezpośred;7074.313228625765
662;10.02.2020;8305.0;9751.467339660352;9895.372570679561;9449.984201740133;Ruczaj! 3 pokoje balkon miejsce postojowe;9602.747857448772
82;04.02.2020;8307.0;8171.66131085973;7828.940328407073;9419.997593470278;2 pok.*os.Szkolne*Zalew Nowohucki*R. Kocmyrzowskie;8301.686845240542
561;10.02.2020;8319.0;8889.785812586684;9026.473914823233;9440.00160261573;Wyjątkowe osiedle mieszkaniowe na Ruczaju;8235.028808529567
389;10.02.2020;8320.0;8632.912983588014;8688.466017751261;9441.21922642158;Kraków Mieszkanie z ogródkiem 2 pokoje Bronowice;9021.645730136574
347;05.02.2020;8333.0;9152.306791996303;9243.859980953166;9436.287638808308;Nowy Prokocim 2 pokoje;8714.118933992648
142;04.02.2020;8333.0;8877.481280386395;8934.050440817568;9432.48020034273;Sprzedam Kawalerkę 16m2 Bieżanowska Stan Deweloper;10560.402977504584
273;05.02.2020;8343.0;8134.957063797132;8139.064279632242;9438.722947808634;Nowa inwestycja - Kraków - Bronowice;9101.41971591986
277;05.02.2020;8350.0;8174.656127265068;7919.679531648996;9414.629307670853;2 pokoje, 51,38m, Mistrzejowice;8686.74525850002
399;10.02.2020;8350.0;9108.794656964383;9217.119866113302;9435.517159081288;Mieszkanie na ul. Orła Białego/ Prądnik Czerwony;9418.166723921748
456;10.02.2020;8400.0;8869.865500029744;8866.306435849367;9428.335288060971;Mieszkanie 35,25 m2 Kraków;7580.019165579345
644;10.02.2020;8400.0;8993.53823786008;9068.688412277537;9434.189847291202;Przestronne mieszkanie Bieżanów - Prokocim;7823.0728173294365
647;10.02.2020;8400.0;8739.707634068625;8788.633553266343;9431.205388158593;Atrakcyjne mieszkanie Bieżanów - Prokocim;7421.029907920541
372;10.02.2020;8406.0;10693.757247320476;10651.296791521057;9467.102996194464;Apartament,3 pokoje,101m2, al.Krasińskiego;12513.457341050484
550;10.02.2020;8409.0;9550.284625157012;9622.009748517476;9447.380906486582;Mieszkanie, 85,62 m², Kraków;9625.230449705645
340;05.02.2020;8410.0;9804.579040465196;9940.407148709715;9449.184598191077;Przytulne do wprowadzenia 51m Chełmońskiego;8701.665775504898
307;05.02.2020;8437.0;9578.492932106476;9575.302387840224;9451.765069504489;Mieszkanie, 71 m², Kraków;9625.230449705645
390;10.02.2020;8444.0;8389.330824519613;8510.703607457253;9431.22873079728;Kozłówek - możliwość zrobienia 3 pokoi, do remontu;6828.661380189738
499;10.02.2020;8444.0;8101.043766204775;8225.360282463611;9430.758191453675;Mieszkanie, 60,40 m², Kraków;9927.753042187029
190;05.02.2020;8448.0;9730.131660624584;9765.085040750571;9458.054897934686;Mieszkanie Kraków 58m2 ODŚWIEŻONE +PARKING w cenie;8481.406324265787
527;10.02.2020;8457.0;11562.152440608688;11667.721015565807;9487.347706259547;Mieszkane 59m2 / 3 pokoje ul. Komandosów, Kraków;8694.845912045375
562;10.02.2020;8478.0;9130.42941162472;9265.93588088672;9438.507755670089;Kraków ul. Pachońskiego - 46m2 2pok+Balkon;6868.75045443618
383;10.02.2020;8478.0;8837.908523491033;8884.745872511208;9441.120716357314;Mieszkanie na Zakrzówku, idealne dla rodziny;9199.269017947097
12;03.02.2020;8479.0;11158.897812312021;11136.937668505363;9481.805787951203;2 Pokoje W Suterenie - Okolica Pl. Bohaterów Getta;9327.535194747592
265;05.02.2020;8500.0;10559.13684846148;10735.09053129334;9464.880829705897;Mieszkanie, 45,08 m², Kraków;9625.230449705645
281;05.02.2020;8500.0;10667.115992666513;10715.535000150003;9483.736830076476;Mieszkanie, 64 m², Kraków;9625.230449705645
655;10.02.2020;8500.0;8415.749565237948;8481.97040838177;9427.06496630013;Tanio! 5 oddzielnych pokoi! Krowodrza Górka;8754.750745445723
670;13.02.2020;8501.0;9712.711913305464;9745.865589641844;9457.750289475063;Mieszkanie, 58,70 m², Kraków;9625.230449705645
11;03.02.2020;8531.0;11880.573058385766;11933.172071576406;9497.142945053072;Studio W Suterenie - Okolica Pl. Bohaterów Getta;9277.34541943724
208;05.02.2020;8557.0;9492.65966520632;9609.82643992305;9445.800280491067;Ruczaj, Piltza, 4 pokoje, 70m2 z antresolą;8549.791041466278
290;05.02.2020;8562.0;9313.327498321669;9351.273172797517;9443.012455362947;Mieszkanie, 105 m², Kraków;9625.230449705645
685;15.02.2020;8571.0;11696.222875730644;11833.784631415343;9492.270064535218;Kraków, Centrum: 3-pokoje, 63m2, wysoki standard;11443.064837337533
127;04.02.2020;8574.0;8566.738667496673;8693.74982614008;9436.225004770384;Chełmońskiego | Odświeżone - gotowe ! | 2 pokoje;7821.869963057314
287;05.02.2020;8582.0;7545.7608363934;7871.660887881932;9433.456597270564;Ładne Słoneczne Zadbane Z Tarasem Kobierzyn;8749.563398021313
589;10.02.2020;8600.0;10178.81458085595;10260.123188590947;9465.12379927388;Mieszkanie, 39,97 m², Kraków;9625.230449705645
515;10.02.2020;8610.0;9333.290925992562;9199.427425643662;9427.385282961757;Funkcjonalne 2 pokoje os. Strusia !!!;8695.520829966094
237;05.02.2020;8615.0;9820.999358026185;9536.936530875886;9434.870420092038;Kawalerka 32,5 m2 Nowa Huta Zalew Nowohucki;9389.926140809583
132;04.02.2020;8623.0;8458.487380585611;8574.314665679423;9435.433448572492;ul. Chełmońskiego, 2 pokoje taras ogródek piwnica;9260.64083693939
167;05.02.2020;8627.0;9597.615456659865;9665.516062801695;9454.66200020181;2 pokoje-Krowodrza-ul. Siemaszki;9242.813315317433
326;05.02.2020;8638.0;9319.03865919265;9427.817584421304;9438.536978497306;Prokocim Dwupokojowe, 32M2, Po Remoncie.;8976.964644847782
426;10.02.2020;8667.0;9368.232898641882;9472.54464629011;9444.02268628959;3-pokojowe - Ruczaj + miejsce w garażu;8332.365580317686
504;10.02.2020;8671.0;10201.394527557362;10391.783536456267;9457.417023618193;Kraków, Ruczaj, ul. Pychowicka -41,5m 2pok +balkon;5927.9694490700185
107;04.02.2020;8674.0;8814.620015675133;8805.353319476342;9427.789972673021;Mieszkanie, 37,47 m², Kraków;8218.143424178046
598;10.02.2020;8674.0;9190.381382565021;9285.868209804845;9436.80165872296;Prokocim 2 pokojowe;7996.789533237825
401;10.02.2020;8683.0;10009.270151305078;10131.885653104155;9437.838976552843;Do sprzedania 3 pokojowe mieszkanie ul. Majora.;8995.019486461859
18;03.02.2020;8685.0;10360.054021958378;10515.43966148064;9461.465847105139;3 pokoje na 2 piętrze Wola Duchacka (Właściciel);9264.626307418615
570;10.02.2020;8689.0;10782.681495569608;10824.255847486236;9480.642844650249;3-pok, 61m2, okolice Ronda Matecznego!;10563.142271166129
454;10.02.2020;8692.0;9382.018101115602;9569.560690435139;9447.422454273017;2 pokoje, 39m2, ogród, zamknięte osiedle;9223.57698004316
206;05.02.2020;8697.0;8769.416071443084;8575.886505214443;9421.944802085232;Bezpośrednio, Kawalerka, Mistrzejowice;10506.522051636523
264;05.02.2020;8700.0;10361.547143157151;10517.087043004234;9461.492986090323;Mieszkanie, 53,02 m², Kraków;9625.230449705645
35;04.02.2020;8710.0;9048.118326144308;8948.869097712739;9428.67851935149;3 pokoje | 52,7 m2 | Prądnik Czerwony | Winda |;9560.612503541073
572;10.02.2020;8710.0;8408.5419174333;8504.79656690209;9428.176125843847;ul. Siewna 62 metrowe mieszkanie po remoncie;9934.792972920162
552;10.02.2020;8725.0;9922.67857045302;10084.272318718486;9452.909390108529;Zamieszkaj w sercu Ruczaju;8015.684179821128
587;10.02.2020;8750.0;9037.323424393791;9000.70001380237;9447.091152234596;Mieszkanie, 85,84 m², Kraków;11106.324185235586
596;10.02.2020;8750.0;9202.407516684212;9119.098521817583;9430.73440560876;Prądnik Czerwony, Quattro, Park Wodny / 2 pok/ Eng;9097.7814393327
64;04.02.2020;8750.0;9249.36713805128;9285.015906429828;9432.531576204654;Prokocim - 1pok. - JASNA KUCHNIA - blisko MPK;8192.470168581027
31;04.02.2020;8750.0;9400.580057290328;9277.999382829381;9429.4445342886;Mieszkanie 2 pok. 40m2 z 2007r. ul.Okulickiego;8042.961478060608
503;10.02.2020;8767.0;7636.634788640436;7326.073055980171;9414.203953858481;Mieszkanie 3 pokoje 73 m2 Mistrzejowice;7258.808887074303
632;10.02.2020;8772.0;9552.286903219507;9256.792528728052;9433.091550935216;2 pok /56 m2/ balkon/do wejścia/ Osiedle Oświeceni;8284.399323870324
196;05.02.2020;8788.0;9993.109053328997;10027.208223061198;9468.311125830645;Nowa inwest. 29 Aleja, ul. Prandoty,3 pok, bezpośr;10198.591804855718
502;10.02.2020;8796.0;6796.2009723279425;6353.365845111472;9436.989381842075;Mieszkanie, 38,20 m², Kraków;9625.230449705645
586;10.02.2020;8800.0;9548.468581440504;9564.65362204648;9454.87883294174;Mieszkanie, 65,30 m², Kraków;11297.294181653568
308;05.02.2020;8800.0;9654.483221771812;9501.834258090777;9452.423148635966;Komfortowy apartament, Podgórze ul. Limanowskiego;10079.182498164533
192;05.02.2020;8824.0;10855.600653169979;11073.981700823326;9461.852462522662;Nowa Inwestycja Kawalerek od 17m2 Ul Wileńska;9070.049325239104
33;04.02.2020;8824.0;10476.941123366518;10304.478405328768;9439.340345281265;2 / 3 pokojowe mieszkanie balkon Przewóz 51m2 3pię;9518.984523410409
144;04.02.2020;8827.0;11991.889938874912;12065.818788941233;9492.480994871048;3-pokojowe STARE Dębniki, Barska 10, WŁAŚCICIEL;11722.857680187044
20;03.02.2020;8830.0;9337.97102575179;9520.962935489079;9446.772208921933;"osiedle "" Cegielniane """;9006.586911447132
529;10.02.2020;8841.0;10139.6788513414;10323.691766814329;9456.477521930381;Ruczaj ul. Zachodnia 2 pokoje nowy blok;9372.418500144455
114;04.02.2020;8843.0;11200.968275406103;11243.295000652772;9478.945725219519;Dietla Możliwe 3 Garsoniery !;9273.58197823641
109;04.02.2020;8846.0;9509.813062939;9626.067558129076;9449.945627248895;4 pokoje* Kamus Uj* Inwestycyjnie lub dla Rodziny!;7553.217758291437
479;10.02.2020;8867.0;11161.934340102945;11244.296609555506;9477.784482798306;Mieszkanie, 84,47 m², Kraków;9699.237159707987
171;05.02.2020;8879.0;9324.01572985523;9433.30885616662;9438.603531559453;Prokocim 1 pokój oddzielna kuchnia balkon piwnica;7901.697985629079
365;10.02.2020;8895.0;10288.990971218725;10488.429919173856;9458.665876214987;2 pokoje, Ruczaj - bez 2%podatku Pcc;9555.121880156352
591;10.02.2020;8900.0;9850.82562419209;9898.248380574521;9460.136240161999;Mieszkanie, 53,15 m², Kraków;9277.250896226717
382;10.02.2020;8911.0;8059.685794959527;7792.8311543321615;9413.975255656538;Gotowiec Inwestycyjny, Mistrzejowice, Os. Piastów;6811.257992314746
465;10.02.2020;8920.0;6704.457661342403;7244.610680778702;9440.690986703832;Mieszkanie, 62,22 m², Kraków;9625.230449705645
506;10.02.2020;8929.0;10640.61485993206;10588.1382800847;9466.958816632263;Mieszkanie 2 pokojowe 50m2 -Ugorek;10420.998848270941
205;05.02.2020;8936.0;9198.852269470348;9356.608304340682;9438.084077549376;Jasne, przytulne 45m - Stelmachów;9439.164872943207
43;04.02.2020;8948.0;11623.835604024378;11679.635570082475;9483.801893320038;Dwupokojowe, po remoncie, z widokiem na Wawel;10991.871708920353
292;05.02.2020;8953.0;8749.18579887128;8845.304465195397;9434.76222763437;Mieszkanie, 61,32 m², Kraków;9625.230449705645
101;04.02.2020;8958.0;12091.431352126463;12175.644223847585;9493.970941501184;Dębniki - 2 pokoje do remontu, 1 piętro;10288.782791560361
321;05.02.2020;8962.0;11668.462954410847;11701.878486408774;9497.693235038932;Mieszkanie na sprzedaż - Grzegórzki - Kryniczna;10037.993983538045
409;10.02.2020;8987.0;10638.630406964028;10609.831875438425;9476.841243813351;Płaszowska 3 pokoje do wejścia;9465.194319259066
450;10.02.2020;8992.0;9889.39490998631;9960.681004801854;9462.737042094537;3 pokoje w doskonałej lokalizacji, ul. Kapelanka;9362.061057025268
606;10.02.2020;8993.0;10247.912825270678;10486.360919876615;9449.243259686382;Podgórze Duchackie - blisko Bonarki;9297.251324285502
288;05.02.2020;9000.0;7305.655966954197;7553.671996884668;9432.26291178901;Słoneczne Ciche Duże Balkon Taras Komórka Dębniki;9519.101731324927
270;05.02.2020;9000.0;10157.168443851097;10331.746701650622;9462.230284375953;2pokoje/40m2/Łagiewniki-Bf/Cegielniana/ul.Do Wilgi;8796.751878249825
466;10.02.2020;9000.0;9243.806132077443;9335.262852657173;9442.455643839272;3 pokoje, Dwa Tarasy, Ruczaj, okol. ul. Chmielenie;9517.260436380408
251;05.02.2020;9000.0;8862.441657204281;8974.81204752402;9429.42834016379;Mieszkanie Kraków, Górka Narodowa, 2 pokoje.;7290.911188470149
590;10.02.2020;9000.0;10172.09553546147;10252.709971734768;9465.03694528636;Mieszkanie, 40,24 m², Kraków;11362.089164288851
234;05.02.2020;9000.0;11974.59960850002;12055.95957449441;9497.105769943102;Po Remoncie, Z Balkonem W Os. Niepedległości;8530.094996771728
119;04.02.2020;9000.0;9243.806132077443;9335.262852657173;9442.455643839272;Ruczaj Dwupoziomowe 3 pokoje balkon taras piwnica;7794.867532641771
512;10.02.2020;9007.0;10837.845028770458;10870.355482314551;9480.908269625234;4 pokoje, świetna komunikacja, zielona okolica;10327.274204201052
325;05.02.2020;9027.0;10278.525126693028;10444.217331552132;9457.593485726864;2-pokoje do wejścia, Stachiewicza, Azory;9465.194319259066
430;10.02.2020;9038.0;9016.38399716162;8707.432795896118;9423.523960565175;Os. Teatralne | 53m2 | 3pokoje | Nowoczesny desain;8478.530761370066
446;10.02.2020;9043.0;9597.17814912045;9725.143146574717;9447.427319329045;***Wyjątkowe mieszkanie*** 65m2, Ruczaj, Dębniki;8998.722934468167
131;04.02.2020;9044.0;9545.167760696513;9667.75935683615;9446.604363329285;Borek Ruczaj 3 pokoje + m. postojowe + komórka;9247.436525781004
484;10.02.2020;9050.0;9151.027827731306;9353.00310527524;9433.522983973495;Nowe! 2pok., IIp., Balkon, ok. ul. Opolskiej;7589.1839882258555
588;10.02.2020;9050.0;10456.03741676152;10565.987024805134;9467.917543979976;Mieszkanie, 28,83 m², Kraków;9625.230449705645
585;10.02.2020;9050.0;10482.16703774005;10594.816201468051;9468.092507482866;Mieszkanie, 27,78 m², Kraków;9625.230449705645
398;10.02.2020;9052.0;10826.707642510444;10866.88163705159;9475.097677012907;Św Sebastian | Kazimierz | 3 Pok | Eng;14127.94930145782
210;05.02.2020;9068.0;9022.712415238724;9080.391040868972;9443.137307758498;Krowodrza, Prądnik Biały Azory, Przytulne 3-pokoje;8376.670504355774
330;05.02.2020;9073.0;8748.97352879696;8778.371094876507;9439.565626772126;2-pokojowe mieszkanie z balkonem - Prądnik Biały!;7576.065632016616
621;10.02.2020;9087.0;11687.415478494908;11841.245707940096;9494.446480502715;Kawalerka 23m2 Kraków Stare Miasto Lubelska;12775.890587737884
617;10.02.2020;9089.0;10469.094164811702;10415.520497540923;9463.911251055586;Meissnera -świetna lokalizacja -rozkładowe balkon;10331.302992336077
462;10.02.2020;9089.0;10524.37452408359;10458.60559203614;9467.622686744884;Meissnera 3 pok 59m2 od strony skweru;9096.738062106886
630;10.02.2020;9089.0;8908.94976714002;9021.574288220088;9436.194523756132;Mieszkanie, 54,90 m², Kraków;9625.230449705645
437;10.02.2020;9091.0;8358.310034714179;8122.307459051213;9416.26279458897;Kraków, Mistrzejowice, os. Tysiąclecia 44m+balkon;6063.606785173029
477;10.02.2020;9103.0;10857.259335769173;10921.574565425293;9447.631002797698;Mieszkanie, 21,75 m², Kraków;9625.230449705645
215;05.02.2020;9104.0;7399.514558064676;7664.281624399103;9426.235176222002;Przestronne Dwupokojowe Idealne Dla Rodziny;9756.224475303861
602;10.02.2020;9109.0;9545.753942823856;9604.489648648676;9454.949706870253;2 pokojowe mieszkanie, Prądnik Biały;8439.183890096607
112;04.02.2020;9114.0;8560.266836450744;8554.254528304702;9446.116473624897;Złota Podkowa 3pokoje dodatkowo miejsce parkingowe;8822.347469357293
516;10.02.2020;9145.0;9393.52703012719;9329.963356837776;9433.566319067595;Przytulne mieszkanie na Prądniku Czerwonym !!!;9800.544059450194
243;05.02.2020;9149.0;11517.439275158504;11645.286323730254;9495.440090668224;3 pokoje + kuchnia - 6m balkon - Krowodrza Górka;10563.354869802773
460;10.02.2020;9150.0;10342.459595464625;10338.552861612901;9470.091575373783;Okazja! 4pok/Rondo Mateczne;10540.200369075292
298;05.02.2020;9150.0;10004.869152920779;9739.875576040244;9436.934701934912;2 pokoje blisko Placu Reagana;9108.250481017407
369;10.02.2020;9196.0;9720.109809944524;9740.318824246306;9456.383782411256;Krowodrza Apartament 2-poziomy Wichury Wrocławska;9555.352194588384
115;04.02.2020;9201.0;11335.093962093477;11420.583559385674;9491.436570499292;Starowiślna, Wawrzyńca Krakowski Kazimierz;12896.020070352139
212;05.02.2020;9211.0;9930.793080325768;9879.458237641926;9436.98241452201;2 pokoje, 38m2 przy ul. Okulickiego;9018.015481741813
559;10.02.2020;9215.0;11512.637097879862;11568.775512837827;9490.607534325753;Mieszkanie, 65 m², Kraków;9625.230449705645
239;05.02.2020;9217.0;9214.850193340655;9132.826701180877;9430.91101455548;Piękne mieszkanie 46m2 Prądnik Czerwony;8874.000099463192
471;10.02.2020;9241.0;9562.338654482406;9686.704244357496;9446.873327341806;Ruczaj - 4 pokoje, 2 balkony + winda i piwnica;7957.133354861123
24;03.02.2020;9259.0;10244.06498634744;10248.776901798044;9472.694551797125;Mieszkanie, 81 m², Kraków;9625.230449705645
216;05.02.2020;9275.0;7736.176201891987;7435.898490886522;9413.781040527749;Mistrzejowice - taras, 69m, 3-pok. do wejścia;8156.934020132575
519;10.02.2020;9275.0;7445.139002250389;7155.904428870908;9417.557779973435;Trzypokojowe mieszkanie na Bohaterów Września;8402.891649430232
357;10.02.2020;9275.0;9681.42639173523;9624.261615594025;9433.509385111123;Mieszkanie, 69 m², Kraków;9625.230449705645
62;04.02.2020;9275.0;7445.139002250389;7155.904428870908;9417.557779973435;Apartament 3 pokoje - Bohaterów Września!;8786.623129390442
164;05.02.2020;9286.0;11106.127686897824;11225.069555645243;9493.509935904458;Mieszkanie, 42 m², Kraków;9625.230449705645
400;10.02.2020;9294.0;9020.744437500132;8918.667103113494;9428.344123198087;Dwupokojowe mieszkanie Prądnik Czerwony.;9576.629752686054
279;05.02.2020;9300.0;8982.669846931414;8876.658874261813;9427.89656661139;Nowe Apartamenty Prądnik Czerwony;9782.802578680166
352;10.02.2020;9343.0;9693.869068391672;9637.989794957319;9433.610608299172;Mieszkanie, 68,50 m², Kraków;9625.230449705645
14;03.02.2020;9348.0;10089.908144715624;10268.779049361154;9455.690083523863;Mieszkanie na Ruczaju - 2 pokoje, 46m2;8594.053434924144
194;05.02.2020;9357.0;9829.600588754109;9832.490206431496;9467.882122527903;Kraków, Kazimierza Wlk 70m2 od właściciela!;8606.366833256518
93;04.02.2020;9364.0;10502.256610139048;10452.262076732917;9462.358999251044;2-Pokojowe Mieszkanie W Nowym Budownictwie;9566.669558724247
627;10.02.2020;9364.0;9058.824553344297;9212.134417675012;9429.576370106668;Marczyńskiego, 3 pokoje;9490.57204683244
485;10.02.2020;9369.0;10074.123082969432;10192.085888390679;9461.80237275164;Mieszkanie Fredry;9148.62146924568
157;05.02.2020;9400.0;9246.680595054713;9327.498269408261;9446.03110926536;2 pok + balkon! Zgoda na cesję! Prądnik Biały!;8342.404999967155
574;10.02.2020;9417.0;10305.547475744805;10354.741202916674;9476.265266782491;Bronowicka 1 pokojowe z balkonem, cegła sprzedamy;8861.262836482972
629;10.02.2020;9419.0;9954.870611926206;9937.032614731459;9461.661535148158;Klimatyczne - Basztowa/Rynek Kleparski;9273.58197823641
124;04.02.2020;9428.0;9246.680595054713;9327.498269408261;9446.03110926536;Bez Podatku Pcc! 2 Pok! Prądnik Biały!;8941.832205321334
123;04.02.2020;9429.0;9246.680595054713;9327.498269408261;9446.03110926536;Super cena! Bez Podatku Pcc! Prądnik Biały!;9835.351325211774
603;10.02.2020;9439.0;8863.918269196647;8920.453743759494;9443.07193934995;Nowe budownictwa ul. Wielicka;8572.239840543512
441;10.02.2020;9442.0;8591.698095859509;8604.846907724474;9437.69735087583;Trzy pokoje, 62m, Prądnik Biały, Kraków;7663.1202063769215
174;05.02.2020;9443.0;8789.301865109457;8715.403706786054;9449.860581385561;Piękne i przestronne 3 pokoje przy ul.Stańczyka;10161.596556754866
283;05.02.2020;9456.0;9850.528037618682;9972.74790847117;9446.000010176958;Przestronne 2 pokoje, ul. Śliczna/Prądnik Czerwony;9675.820515419686
440;10.02.2020;9456.0;10805.563878080005;10781.967602685476;9473.493796181618;Kraków, ul. Śliczna blisko Quattro Business Park;8105.544425891826
137;04.02.2020;9459.0;10313.876324531613;10515.886277900443;9459.000000021124;Ruczaj Mieszkanie Z Ogródkiem I Miejscem Post.;7961.015255300798
478;10.02.2020;9468.0;8159.551288234927;8138.989302939748;9438.2583514832;Apartament na Ruczaju z panoramą na cały Krakow;9516.484168687733
362;10.02.2020;9470.0;10037.11648988321;10041.114490983342;9473.497891061374;Mieszkanie, 66 m², Kraków;9625.230449705645
396;10.02.2020;9474.0;10732.847387204509;10813.224174746429;9487.557362291434;Kraków – Grzegórzki – ul. Rzeźnicza – 57 m2;9081.265281980819
626;10.02.2020;9480.0;9446.583165285223;9313.869452137053;9430.892912808657;1 pokojowe mieszkanie, Bieńczyce;7943.384875555759
335;05.02.2020;9481.0;8994.217010227452;9226.765867259222;9436.740192725327;2 pokojowe mieszkanie, Łagiewniki;9599.420585572232
102;04.02.2020;9486.0;9651.278597096672;9358.533525884517;9434.60340755963;Mieszkanie, 52,71 m², Kraków;10223.084239140844
232;05.02.2020;9499.0;8219.562434091527;8269.970835054242;9431.284378643064;Nowoczesne 2 pok. - Apartamenty Wielicka;9990.133004267382
125;04.02.2020;9499.0;9253.150786916063;9334.636922677173;9446.11088229563;2 pok!Bez podatku Pcc! Prądnik Biały!;8941.832205321334
614;10.02.2020;9500.0;8951.017005791753;9016.550999302552;9444.273902552897;Wielicka 2 pokoje 50m2 9500 zł /m2;9232.386091987302
659;10.02.2020;9500.0;6560.620319193913;7085.9129273390245;9440.589437233124;Mieszkanie, 68 m², Kraków;9625.230449705645
356;10.02.2020;9501.0;8408.05790103602;8539.727060834806;9430.18439783263;ul. Czarnogórska 18, 57 m2 dwa balkony + garaż;8550.57590959708
169;05.02.2020;9503.0;8896.667299767654;9076.999141223796;9443.469921542555;*Nowa INWESTYCJA*Świetna lokalizacja!! Łagiewniki;10336.717391307766
100;04.02.2020;9503.0;8896.667299767654;9076.999141223796;9443.469921542555;*Nowa INWESTYCJA*Świetna lokalizacja!*Wrocławska**;10209.614751496407
539;10.02.2020;9513.0;9077.731896586645;8981.542164597378;9429.051508481445;Po generalnym remoncie, 2 pokoje, Prądnik Czerwony;10316.971089299614
267;05.02.2020;9520.0;9446.583165285223;9313.869452137053;9430.892912808657;Bieńczyce - kawalerka do zamieszkania;9187.430405528157
224;05.02.2020;9538.0;11453.813788537991;11515.485315571272;9471.73377964898;1 pokój, 39m2 przy ul. Wincentego Turka;9728.901497517949
57;04.02.2020;9538.0;10202.953373569451;10286.755856555737;9465.42915467713;Mieszkanie, 39 m², Kraków;9625.230449705645
180;05.02.2020;9543.0;9282.225332521524;9344.595086352934;9428.787307370576;2 pok. | Powstańców | Prądnik Czerwony;9008.454611092406
413;10.02.2020;9543.0;9214.850193340655;9132.826701180877;9430.91101455548;Piękne dwupokojowe mieszkanie - Prądnik Czerwony!;9390.291833918047
289;05.02.2020;9543.0;9282.225332521524;9344.595086352934;9428.787307370576;Piękne, jasne mieszkanie na ul. Powstańców;9320.11225616822
344;05.02.2020;9543.0;9214.850193340655;9132.826701180877;9430.91101455548;Prądnik Czerwony super standard, 2 pok.;9274.952381584222
520;10.02.2020;9543.0;10253.789517931646;10255.757866305541;9440.035886735013;Mieszkanie, 46 m², Kraków;9625.230449705645
581;10.02.2020;9573.0;9655.637527376428;9660.417099892646;9452.943877972242;Mieszkanie, 67,90 m², Kraków;9625.230449705645
311;05.02.2020;9573.0;9544.918907163385;9667.484793248883;9446.600486114065;Przestronne trzypokojowe mieszkanie na Ruczaju;8779.106275737011
236;05.02.2020;9574.0;9083.008153383933;8912.732051141606;9425.219426621694;Kawalerka 23,5 m2 Bieńczyce Rondo Piastowskie;10490.409023958158
438;10.02.2020;9583.0;10260.870521975163;10457.404233812811;9458.276866051725;Nowe mieszkanie 1-pok. Kraków, Ruczaj;7431.184590716133
220;05.02.2020;9592.0;10526.711829992293;10359.391122781943;9439.380326558483;Mieszkanie 2 pokojowe, ul. Przewóz, Podgórze;9876.900507629187
241;05.02.2020;9596.0;11991.889938874912;12065.818788941233;9492.480994871048;Dębniki mieszkanie 2 pokoje;10156.494008430356
211;05.02.2020;9600.0;9660.95781666005;9781.548738286114;9441.56867730539;Al. 29 Listopada - świeżo po remoncie - 3 pokoje;11326.753090632346
546;10.02.2020;9618.0;11917.233878936247;11983.44971276147;9491.171642368368;Komfortowy wygodny apartament Dębniki klimatyzacja;13146.33645995635
6;02.02.2020;9625.0;11020.550417959723;11120.087374538762;9483.031584640908;Komfortowy apartament przy Zakrzówku;10385.53308519629
435;10.02.2020;9667.0;9239.735546653543;9160.283059907464;9431.268209222497;2 pokojowe mieszkanie, Prądnik Czerwony;9511.137134557754
645;10.02.2020;9680.0;9446.583165285223;9313.869452137053;9430.892912808657;Okazja ! Bieńczyce 1 pokojowe 25m2 242 000 zł;8068.345384546491
549;10.02.2020;9689.0;6747.674533367812;6299.825945594625;9436.890288692939;Mieszkanie, 40,15 m², Kraków;11014.109610809923
373;10.02.2020;9692.0;9831.380455288192;9943.379322556993;9436.701673944124;2 sypialnie i salon z Aneksem. Ul Łepkowskiego;8403.520687724069
176;05.02.2020;9695.0;11908.694264371366;12020.043415806607;9499.7101923104;Mieszkanie z widokiem na ogród przy Nowym Kleparzu;9987.016454233835
682;15.02.2020;9696.0;7724.410384368318;7920.7859350261915;9426.489843955655;Mieszkanie 46m Adama Bochenka od WŁAŚCICIELA;9148.62146924568
301;05.02.2020;9700.0;9447.015886761;9651.303532845752;9441.015547781715;Jedynie 6 mieszkań! Wola duchacka! Strumienna;9120.374574571882
419;10.02.2020;9714.0;9722.65761901439;9801.385164111805;9457.560462326417;Biały Prądnik Kawalerka z dużym Ogródkiem;10296.170546649359
565;10.02.2020;9729.0;7196.855160665435;6795.413220609533;9438.174063623557;Mieszkanie, 22,10 m², Kraków;9625.230449705645
30;04.02.2020;9730.0;11877.303629574077;12038.719357374;9500.73673067956;Mieszkanie do wykończenia przy al. 29 Listopada;10178.060419349438
530;10.02.2020;9730.0;8451.54457062377;8501.666940895739;9431.509470764422;Mieszkanie z piwnicą okolica Galerii Krakowskiej;9985.323626614292
130;04.02.2020;9737.0;9312.626781333865;9400.257620033717;9446.829242067535;Prądnik Biały 2-Pokojowe Taras, Komórka Lok.;9316.990853741721
513;10.02.2020;9737.0;9199.918981352923;9116.352885944925;9430.699250298765;Prądnik Czerwony, Quattro, Park Wodny/ 2 pok/ Eng;9097.7814393327
578;10.02.2020;9766.0;11664.126095555623;11585.857872005445;9487.736228180704;Mieszkanie 3 pokojowe 47m2 al. Pokoju, Grzegórzki;11103.86830650715
364;10.02.2020;9786.0;8984.73435081411;9015.563564469265;9426.042879197841;3 pokojowe mieszkanie 2015R. Do Wejścia Ul. Reduta;9445.531868191689
36;04.02.2020;9786.0;8984.73435081411;9015.563564469265;9426.042879197841;Sprzedam mieszkanie 3-pokojowe ul. Reduta Kraków;10090.515450053343
691;15.02.2020;9789.0;12145.147914540637;12211.658877478036;9501.043085087183;Grzegórzki, Aleja Pokoju, 41 m1;11122.0633998677
461;10.02.2020;9797.0;11915.15087676178;11888.131594791323;9490.149313807085;2 osobne pokoje Widok, Al. Pokoju - 44,4m2 balkon;8449.436188288464
595;10.02.2020;9800.0;12093.97239457386;12232.815752344477;9466.393826957585;2 Pokoje, Jasna Kuchnia, Dębniki;11310.255834905875
226;05.02.2020;9800.0;11141.121930060981;11251.42309497731;9485.991891432204;ul. Wadowicka mieszkanie 2 pokojowe;9470.909595765062
129;04.02.2020;9808.0;9752.57898544264;9513.935910886223;9432.632989205431;Mieszkanie, 26 m², Kraków;9625.230449705645
643;10.02.2020;9815.0;9861.97530014261;9985.3778334854;9446.167187467163;Mieszkanie3pok 54m2. Reduta-Prądnik Czerwony;9185.29852722193
222;05.02.2020;9821.0;8965.996660211778;8858.263113915;9427.70730283621;Prądnik Czerwony Stan Deweloperski 56M2;9185.29852722193
48;04.02.2020;9824.0;8898.483656339564;8897.881248384942;9428.627299384005;Sprzedam Mieszkanie Kraków ul. Nowosądecka, 34 m2,;10048.803689583725
523;10.02.2020;9824.0;9009.307648188711;9123.002022310236;9443.487093164711;Mieszkanie 2 pok, Nowosądecka- Bieżanów;9976.978238824764
203;05.02.2020;9828.0;9237.738388809541;9413.54104691538;9434.702724022023;Mochnackiego, 3-pokojowe do negocjacji;9248.490985259761
412;10.02.2020;9840.0;11387.428481908;11579.89485892768;9483.418452998512;Krowodrza, Wrocławska, 25m2, Kawalerka;11073.005843328638
404;10.02.2020;9848.0;7789.045821778571;7794.975829084276;9427.901552746136;Mieszkanie Wielicka - 3 pokoje, miejsce w garażu;8274.142693130832
402;10.02.2020;9848.0;9540.836977379513;9620.872645279487;9454.899943407365;Kawalerka z antresolą 43 m2 - ul. Podkowińskiego;11284.8859550443
483;10.02.2020;9850.0;9192.088660697571;9398.30609717411;9433.923862383144;Nowe! 2pok., I-VIp., Balkon, ok. ul. Opolskiej;7589.1839882258555
489;10.02.2020;9853.0;8964.115591706206;9094.12051349474;9442.014785171361;2-pokoje, 34 m2, Kozłówek, Nowosądecka;9228.78439538884
452;10.02.2020;9853.0;10834.866563168274;11039.30698598393;9468.559279755003;Mieszkanie Kraków ul. Nowosądecka, 34 m2, 2 pokoje;8978.972758911581
640;10.02.2020;9853.0;8288.524201019636;8441.525757455507;9436.620980940239;Dwa pokoje - Nowosądecka!;11126.438331212834
457;10.02.2020;9856.0;8219.562434091527;8269.970835054242;9431.284378643064;Na sprzedaż 2 pok. mieszkanie Apartamenty Wielicka;7285.869077771893
521;10.02.2020;9868.0;10261.347356761902;10030.286694334403;9447.696261673931;Aleja Pokoju 2 pokoje do wejścia;8848.528223573287
510;10.02.2020;9878.0;9789.907015411973;9555.120448976106;9433.129218005322;Mieszkanie, 24,50 m², Kraków;9625.230449705645
386;10.02.2020;9890.0;8432.769793881398;8299.390131410699;9447.281115696529;4 pokojowy apartament w Bronowicach;10085.900640830714
508;10.02.2020;9900.0;11386.678146305483;11398.080144710622;9478.727509246763;Apartamenty | Dębniki |2 Pok | Eng;10497.03807619052
175;05.02.2020;9900.0;8473.022235229684;8609.991564872447;9435.675111993367;Nowoczesne 3- pokojowe mieszkanie ul Beskidzka;10474.438010245116
360;10.02.2020;9901.0;9977.92405480763;10145.22543509151;9453.844943132213;3 pokoje Ruczaj Taras;9302.63749612066
54;04.02.2020;9932.0;9093.813176414047;9063.025948111725;9447.808927669043;Mieszkanie, 83,57 m², Kraków;8203.022252632134
332;05.02.2020;9939.0;9688.16013006824;9762.939353716096;9458.267016565902;Bronowice ul. Rydla - funkcjonalne 2 pokoje;9932.135602878747
300;05.02.2020;9941.0;10122.075975302565;10197.522690694326;9464.36605707287;Mieszkanie 2-pokojowe z osobną kuchnią, Płaszów;9641.774544122312
468;10.02.2020;9946.0;9838.880654601904;9885.06932838576;9459.933511280922;Mieszkanie, 53,63 m², Kraków;8560.893140021793
23;03.02.2020;9947.0;9740.020077136423;9882.742645665332;9449.790219948964;Nowoczesne mieszkanie - Ruczaj - ul. Piltza 3 pok;8906.013972422877
507;10.02.2020;9950.0;10924.059428218901;10887.666435983358;9466.894260294237;Apartamenty | Dębniki |4 Pok | Eng;10497.03807619052
172;05.02.2020;9954.0;10576.259178950719;10744.683378171841;9451.888575782134;Apartament 54m2 - balkon + garaż - Wola Justowska;12689.906769174406
155;05.02.2020;9960.0;10612.500564286267;10845.362582619495;9462.123986682687;Kawalerka, 1 pokój, 25 m2, Ruczaj, Piltza;9939.045337769589
322;05.02.2020;9973.0;12184.988912633684;12276.252506244105;9498.762647177264;Mieszkanie, 37 m², Kraków;9625.230449705645
191;05.02.2020;9975.0;11264.364472175817;11374.487609588106;9494.332107595064;Kraków Krowodrza ul.Lea 2 pokoje.40m2. Obok Agh,UP;11586.464874889985
612;10.02.2020;9982.0;10611.223552327341;10676.27516736092;9484.740354681691;Mieszkanie - inwestycyjne al. Słowackiego;12095.472768730206
618;10.02.2020;9983.0;10536.567492388678;10593.906091181158;9483.19903704481;Mieszkanie/biuro - al. Słowackiego MPEC;11643.386165592554
150;04.02.2020;9984.0;9953.952899075752;9737.727475977545;9432.680075011109;Kawalerka w Nowej Hucie do własnej aranżacji / NH;10880.76771755357
609;10.02.2020;9989.0;8980.9890329232;8942.39277802318;9449.203698651727;Mieszkanie - inwestycyjnie - AGH - Pl.Inwalidów;8755.585993734263
77;04.02.2020;10000.0;10942.074754431198;10992.167282882483;9482.457378645728;STARE MIASTO/ok. Sołtyka / 3 pokoje;11600.136755566133
78;04.02.2020;10000.0;11663.75000050494;11788.401685953526;9499.577710810563;ok. Sołtyka 2 pokoje do remontu;8345.59045738811
55;04.02.2020;10000.0;8740.103586443798;8914.361120626576;9435.00964806914;Mieszkanie Białoruska Film!!;9148.62146924568
415;10.02.2020;10000.0;9268.69148539033;9362.719211383761;9442.750730776148;3 pokoje z dużym tarasem na Ruczaju;9857.261576743458
188;05.02.2020;10000.0;10774.592620559657;10746.246912143446;9467.184359523642;Mieszkanie 37 m2 świeżo po remoncie. Mały Płaszów;9666.128039565327
284;05.02.2020;10000.0;9973.942398277568;10140.832417695256;9453.777929420787;Do sprzedaży mieszkanie 2 pokojowe na Ruczaju.;8351.972373351466
4;02.02.2020;10027.0;10777.081155890946;10748.992548016106;9467.205036749978;Mieszkanie 36,9m2 świeżo po remoncie. Mały Płaszów;8948.276133570014
153;05.02.2020;10029.0;9654.282112831983;9598.061199977883;9458.90922140778;Przepiękny Apartament w centrum Krakowa 104,7m2;12858.574598704614
432;10.02.2020;10080.0;11005.0666492857;11169.723482177773;9478.346109280916;Oboźna inwestycyjne;9725.66858137406
417;10.02.2020;10080.0;9497.954042855425;9599.970803979979;9449.150008454902;Kawalerka, Pachońskiego, gotowa do odbioru.;10080.00395374888
202;05.02.2020;10086.0;9775.131348229976;9809.658447675012;9465.496875390092;Krowoderskich Zuchów 51m - nowa kuchnia i łazienka;10385.158887268672
673;13.02.2020;10088.0;11043.665450082475;11156.154095241509;9492.816714553965;Mieszkanie, 44,51 m², Kraków;10488.676430428544
564;10.02.2020;10095.0;10255.212615526514;10344.414209881572;9466.05290562679;2 pokoje, Mały Płaszów- Tylko u nas!;9532.926005382518
526;10.02.2020;10101.0;11876.410531553876;11935.793658034418;9495.889609571155;Mieszkanie, 49,40 m², Kraków;11362.089164288851
86;04.02.2020;10104.0;10546.521986494734;10640.892030609479;9470.62487482344;Mieszkanie, 38,50 m², Kraków;9625.230449705645
25;03.02.2020;10107.0;9917.76722460366;9972.105985548926;9461.253104226866;Mieszkanie, 50,46 m², Kraków;9625.230449705645
625;10.02.2020;10117.0;9274.245023229454;9378.396138713446;9437.935213719971;2 pokojowe mieszkanie, Bieżanów- Prokocim;7871.829024247094
87;04.02.2020;10141.0;10567.369174494506;10689.144514012458;9472.560270847393;Apartamenty Poznańska Residence;10949.11998650012
285;05.02.2020;10154.0;10364.70817010322;10465.222188278556;9467.18017975605;Mieszkanie do wejścia- Płaszów;9165.597700222384
679;15.02.2020;10190.0;9806.236729688157;9833.615136519966;9435.331957318569;2-pokojowe z balkonem i garażem ul. Marchołta;8732.751846675803
197;05.02.2020;10228.0;8870.091124380773;9028.442839017183;9438.792471265318;Przytulne, do wprowadzenia 39m Chełmońskiego;8701.665775504898
282;05.02.2020;10231.0;9147.139181803163;9217.67283450191;9444.770941976156;Mieszkanie na sprzedaż, Kraków, Prądnik Biały, ul.;5616.883635958287
303;05.02.2020;10231.0;8870.339977913902;9028.717402604449;9438.794698348564;2-pok. mieszkanie w cichej okolicy, Chełmońskiego;8710.16856498105
467;10.02.2020;10238.0;9224.481784738393;9257.55954770324;9432.245136493322;Mieszkanie, 21 m², Kraków;9625.230449705645
657;10.02.2020;10248.0;9868.030024451924;9597.678410393095;9436.631884606277;Mieszkanie - Kraków Czyżyny;8481.406324265787
245;05.02.2020;10260.0;10092.247057801043;9845.06020251965;9438.981836454319;Mieszkanie, 34,99 m², Kraków;9468.647001566056
177;05.02.2020;10284.0;10885.373935715368;10903.521976157359;9472.839820585592;3 pok. ul. Loretańska - Stare Miasto do negocjacji;10616.086470866456
97;04.02.2020;10298.0;10170.602414262697;10251.062590211173;9465.01753642172;Kraków 2 pokoje z dużym tarasem sprzeda właściciel;9402.526503434117
195;05.02.2020;10316.0;10726.682775706038;10646.646430062538;9469.863829245867;Przestronny apartament - ul. Grzegórzecka 102;10570.574370782062
10;03.02.2020;10316.0;8721.611146319128;8717.009316000083;9444.624075373224;Mieszkanie przy ul. Podkowińskiego;9603.940988527218
139;04.02.2020;10323.0;9335.66276141163;9196.093806026727;9444.72087288478;Ludwinowska 155m2 - miejsce postojowe w cenie;10406.974856380728
268;05.02.2020;10328.0;7840.11027923353;7831.855965974926;9425.465193849897;Mieszkanie z dużym ogródkiem w Nowym Bieżanowie;9252.921459674844
116;04.02.2020;10357.0;10964.37747558891;11113.13676057569;9481.00571238276;2-pokojowe Wrocławska super lokalizacja;11452.11073477401
423;10.02.2020;10365.0;10722.695651548089;10690.537928125937;9471.91394078237;Mieszkanie 3-pokojowe 58m2 Śródmieście ul. Śliczna;9470.909595765062
496;10.02.2020;10375.0;7850.040492085507;7903.006694814354;9433.113259271253;Mieszkanie Chełmońskiego Bronowice Residence 80m2;10602.524171715559
492;10.02.2020;10375.0;7850.040492085507;7903.006694814354;9433.113259271253;Chełmońskiego | Bronowice | 3 Pok | 80m2 | Kw;9405.203619825259
199;05.02.2020;10375.0;8029.9408728167455;8023.1984458060415;9438.41787759089;Mieszkanie, 80 m², Kraków;9625.230449705645
459;10.02.2020;10400.0;9340.405366442381;9561.945995184573;9435.400854030606;Nowe! 1pok., II-IVp., Balkon, ok. ul. Opolskiej;9117.853315077198
667;13.02.2020;10436.0;10201.822993433392;10349.072688644677;9458.736231932835;Mieszkanie 2 pokojowe na ul.Chełmońskiego w pobliż;9695.640303127675
424;10.02.2020;10474.0;10227.838726882339;10314.212215282325;9465.732699908544;Płaszów | 38m2 | 2 pokoje | Nowoczesne wykończenie;10536.454419862572
611;10.02.2020;10491.0;10611.223552327341;10676.27516736092;9484.740354681691;al. Słowackiego/ Pl. Inwalidów / AGH - MPEC;11375.31119907187
182;05.02.2020;10499.0;11443.478972812565;11585.01785350535;9487.434683563311;Wadowicka Kawalerka Cesja 27 m2 17,15 m2 Ogródek;10092.316907944734
104;04.02.2020;10500.0;9759.306085195887;9832.223569548765;9458.214305808164;2 pokojowe 52m2 przy ul. Łokietka, Krowodrza;10060.452872136666
676;13.02.2020;10500.0;11786.52063885835;11889.34312148938;9494.61023322251;Mieszkanie w kamienicy na ul. Dietla;9472.419799657513
61;04.02.2020;10500.0;11691.636748348717;11837.480834816368;9497.391116797891;Krowodrza Górka 2 Pokoje 40M2;9742.560613603599
92;04.02.2020;10500.0;10198.001808594827;10327.346725527708;9448.488460729523;Wola Justowska, K. Jadwigi, Bez Pcc;12610.975670873482
88;04.02.2020;10500.0;9012.998044747252;9140.923017819874;9430.727423904327;Mieszkanie 2 pokojowe z oddzielną kuchnią - Górka;9843.08589492744
170;05.02.2020;10500.0;10287.112589628403;10444.673507428157;9459.783869936951;Sprzedam 30m2, Krowodrza, ul. Żabiniec;10312.644245989577
94;04.02.2020;10524.0;9837.510262596103;9930.195360926;9458.072548939968;Siemaszki, 2 pokoje! 38m2! Wykończone!;9490.57204683244
103;04.02.2020;10536.0;10004.935984802769;9981.194279039664;9436.812672551234;3 pokoje, taras, klucze na teraz, bez PCC | Kraków;11067.87389069472
305;05.02.2020;10572.0;10187.60712492964;10301.877758208255;9447.041909865264;Rozkładowe z ogródkiem Wola Justowska;11358.81962360469
566;10.02.2020;10585.0;11534.231227544095;11578.813653271138;9491.833015617734;Smolki- 2 pokoje i 2 balkony;9490.57204683244
436;10.02.2020;10692.0;9579.40707025702;9470.970813449614;9431.317322909521;Kawalerka, 4/4 , 26m Strusia Bieńczyce Kraków;8996.105369851468
9;02.02.2020;10711.0;11419.60942128197;11427.314899142897;9492.399936697488;Apartament 3 pokojowy, 63 m, Grzegórzki Kotlarska;11486.71084846393
328;05.02.2020;10714.0;9777.575758609577;9794.953257652925;9454.862538556523;Mieszkanie, 63 m², Kraków;8560.893140021793
269;05.02.2020;10714.0;9666.857138396534;9802.020951009163;9448.564291288014;3-pokojowy apartament, Ruczaj ul.Bunscha, bez Pcc!;10021.939484347455
537;10.02.2020;10779.0;11443.478972812565;11585.01785350535;9487.434683563311;Wadowicka kawalerka cesja 27m2, ogródek 17,15 m2;10531.84678965682
495;10.02.2020;10794.0;9835.962804533825;9922.481022002681;9456.037870638202;Nowy apartament 63 wykończony Wrocałwska;9688.503714909077
179;05.02.2020;10794.0;9653.575154719874;9715.561300193189;9456.22556791482;Czyżewskiego | Krowodrza | 63m2 | 3 Pok |;8977.490320399049
266;05.02.2020;10794.0;9653.575154719874;9715.561300193189;9456.22556791482;3 pokoje | Czyżewskiego | Centrum | garaż;10408.481070349728
173;05.02.2020;10804.0;11738.782155494286;11668.226948185209;9488.530623504705;Wykończone mieszkanie aleja Pokoju 44 mkw;8531.9553735599
27;03.02.2020;10816.0;11237.043364107569;11300.505384132812;9491.144158125104;Piękny nowy apartament Mogilska 29,40 m2,własność;10358.96060142933
233;05.02.2020;10821.0;10448.00639434649;10543.417316998995;9471.805371732247;Duże mieszkanie 3pok. 63m Krowodrza Wrocławska;10748.20589084518
162;05.02.2020;10833.0;10299.21688899939;10387.88936245695;9471.716873216586;Okazyjnie dwa pokoje ul.Krowoderskich Zuchów;9992.726655697055
294;05.02.2020;10841.0;10158.917334981417;10178.974627214577;9465.864352288267;ul. św. Teresy, 3-pok;11156.506888782209
518;10.02.2020;10852.0;9756.189837892158;9619.035847652069;9447.258348139396;Penthouse z widokiem na Wawel ul. Bogusławskiego;9432.386491176672
76;04.02.2020;10859.0;10609.851720634291;10647.510538822009;9471.798306446479;ok. Bonerowska, 92 m2, 2 apartamenty z klimatem.;9349.968160900276
544;10.02.2020;10908.0;10229.740695608962;10310.151029611638;9467.62171317959;HIT! Kawalerka BRONOWICE Stańczyka system 20/80;11889.430770701312
418;10.02.2020;10917.0;8919.253134231063;9044.101051589636;9442.543094577422;Apartament Sosnowiecka Wyposażony Wysoki Standard;12140.07888935693
187;05.02.2020;10919.0;10627.221464898817;10866.87056601654;9454.088944729101;Wysoki standard, 2 pokoje, Bonarka, do wejścia;11803.570632508416
304;05.02.2020;10923.0;10727.30227806654;10895.745211453093;9472.75935868183;2pok - 29 Aleja Prandoty okazyjna cena - 1 kw 2020;11092.147704329645
397;10.02.2020;10930.0;12060.114870763391;12172.815404822755;9500.594315782386;Kraków – Kazimierz – ul. Wrzesińska – 43 m2;11335.51130633864
334;05.02.2020;10933.0;10165.967884947047;9927.454790857566;9438.206283598192;Przytulne Mieszkanie Na Osiedlu Zielonym!!;9800.544059450194
664;10.02.2020;10938.0;12218.844361088446;12316.220780527714;9495.401825210865;Nowe 2 pokojowe mieszkanie Dębniki;10457.706244106914
32;04.02.2020;10980.0;9990.366731464073;10158.953614454804;9454.053861849916;Ruczaj, 50m2, 2pokoje,garaz, FV,Wlasciciel,BezPCC;9154.379235568958
184;05.02.2020;10994.0;11550.661256688178;11576.389922303384;9489.517820026706;Mieszkanie, 62,49 m², Kraków;9625.230449705645
579;10.02.2020;10994.0;9326.774849263404;9482.566551239495;9440.706724245985;Mieszkanie, 38,11 m², Kraków;9625.230449705645
135;04.02.2020;11000.0;11055.312561009088;11057.03464429115;9488.458953699448;Nowy, urządzony apartament na 14 piętrze;11239.180720090646
246;05.02.2020;11020.0;10084.532598274047;9836.548731314408;9438.899412997938;Mieszkanie, 35,30 m², Kraków;10835.436904679213
573;10.02.2020;11021.0;11792.889720975285;11839.160280041713;9499.642939766009;Grzegórzki al. pokoju przytulne 3 pokojowe;11394.411710204678
380;10.02.2020;11034.0;11656.112713896597;11762.870465088548;9494.02274981446;Mieszkanie Mogilska 29 mkw idealne pod inwestycję;10460.192606705137
339;05.02.2020;11040.0;9742.007671800293;9854.53544481639;9443.126848120328;Nowoczesny Apartament, Osiedle pod Dębem, Kliny;11035.825761067777
442;10.02.2020;11053.0;10377.369661613828;10421.571005561658;9476.643340877772;Sprzedam 76m2 mieszkanie Ulica Pawia 2mieszkania;10435.442468513853
600;10.02.2020;11093.0;11026.6924021977;11056.187877972543;9491.833515863622;Okolice Ronda Mogilskiego;9273.58197823641
145;04.02.2020;11093.0;11683.035138037836;11701.48688811584;9495.229460315179;3 pok. mieszkanie Osiedle Oficrskie, I piętro;9842.907550774227
385;10.02.2020;11160.0;8887.037890777367;9059.830781989007;9437.861020496814;Kozłówek - kawalerka po remoncie, mpec;11563.163711028952
451;10.02.2020;11160.0;8887.037890777367;9059.830781989007;9437.861020496814;Kozłówek Ładne 1pok 25m2 279 000 do Negocjacji;8126.816861632672
470;10.02.2020;11171.0;9454.066165542037;9438.020594207284;9449.955651600088;Mieszkanie, 76 m², Kraków;8262.86308572388
490;10.02.2020;11196.0;8245.132762267867;8203.126028188994;9440.086607237556;Dwupoziomowe przy Armii Krajowej. Od zaraz.;9022.73627261321
387;10.02.2020;11209.0;11209.576970588314;11176.22766092455;9481.17152071922;Na sprzedaż 3 pokojowe mieszkanie Zabłocie;12077.727689495789
91;04.02.2020;11211.0;10796.494555769776;10987.672152902142;9453.725448358078;Mieszkanie z ogródkiem, Wola Justowska;11233.859114613959
147;04.02.2020;11229.0;8507.912536066848;8841.932771042038;9432.624134360245;Os. Podwawelskie 3 pokoje, widok na Wawel.;9181.860525463813
152;05.02.2020;11277.0;12124.52609243509;12257.076510961542;9496.066085866172;Kawalerka ul.Rydlówka - osiedle Mate3ny 28,82 m2;10484.3202865393
348;05.02.2020;11288.0;8481.734665566702;8338.428077783024;9440.34199528307;Piękna kamienica z windą- mieszkanie z tarasem;9902.992876218392
3;02.02.2020;11290.0;9105.35463876395;9012.01872278389;9429.409372729062;2 Pok Garderoba Garaż Balkon Cz. Prądnik Marchołta;11507.121541159217
250;05.02.2020;11316.0;9075.125711958028;9176.365512322725;9444.239450665975;Mieszkanie, 38 m², Kraków;9625.230449705645
45;04.02.2020;11338.0;9928.651055248112;10090.861844812865;9453.011045160378;Świeżo wykończone Mieszkanie 3 pokojowe Ruczaj.;8658.639580206072
563;10.02.2020;11364.0;12214.826903816724;12288.536681912481;9501.206668685412;Dwupokojowe mieszkanie, Rondo Grzegórzeckie;10931.531594539416
453;10.02.2020;11371.0;12116.399314042825;12196.092943487352;9501.956463590597;Grzegórzki 35M2,2 Pok.1 Piętro,Do Wprowadzenia;12224.120534568105
141;04.02.2020;11400.0;10407.664293538;10579.767243744747;9458.524355060823;2 pok Wileńska / al. 29 listopada Prądnik Czerwony;9929.95316141066
148;04.02.2020;11421.0;10541.655770577921;10543.929732671279;9466.63763989844;4 Pokoje 100m2 balkon | Stare Miasto | Sebastiana;11533.885492540558
686;15.02.2020;11421.0;11027.077662721378;11022.523597012494;9467.702254845015;5 Pokoi 113m2 + balkon | Stare Miasto | Sebastiana;10673.64662350647
434;10.02.2020;11429.0;11316.912423563419;11429.122012188034;9495.393770844128;Kawalerka 35m2, ul. Rakowicka 20, Kraków;13280.854601359231
633;10.02.2020;11429.0;12219.8039744793;12294.027953657798;9501.210570167374;Dwupokojowe mieszkanie, 35 m2, Grzegórzecka;9660.908829495746
223;05.02.2020;11500.0;11462.009263989205;11560.61098889127;9494.562508543282;2 pokoje, 60m2 przy ul. Starowiślnej;9945.891566113978
291;05.02.2020;11500.0;10651.955170937848;10695.059605930945;9445.324019468668;Mieszkanie, 30 m², Kraków;11297.294181653568
181;05.02.2020;11501.0;11618.339291780949;11777.936196871206;9448.528542947204;Oddane do użytkowania! 4 pokoje, Bulwary Wiślane;12782.72153089767
128;04.02.2020;11531.0;9563.245139721083;9517.215723353105;9436.182912944696;Prądnik Czerwony 2 pokoje po remoncie , właściciel;9757.8930580526
1;02.02.2020;11613.0;11412.23855736343;11505.698271438096;9493.37764975425;Starowiślna - Stare Miasto - Kraków;11588.939690356532
367;10.02.2020;11645.0;11525.451684324262;11659.206298315647;9495.239750825387;Nowa kawalerka - Centrum, UEK, Rakowicka;14440.687949929405
674;13.02.2020;11650.0;11670.035696519744;11737.899276103664;9494.337853648427;Bezpośrednio sprzedam Kazimierz. 3 pokoje 60m2;14395.446384830277
293;05.02.2020;11667.0;11462.009263989205;11560.61098889127;9494.562508543282;Starowiślna, klimatyczny apartament, piękna kamien;10660.525925337652
165;05.02.2020;11688.0;9951.207826467407;10009.325071942147;9460.136495225697;M3 77m2 2xgaraż. Poznańska 5 KRK Właściciel. 900K;8714.503946989398
554;10.02.2020;11695.0;9453.069279709793;9425.100839200793;9462.752161890225;Bronowicka 59 m2+garaż po remoncie WŁAŚCICIEL;9826.233960040618
46;04.02.2020;11713.0;9059.471388842261;9025.136173069033;9447.367504471507;Mieszkanie, 84,95 m², Kraków;11106.324185235586
654;10.02.2020;11735.0;9945.924162436402;9943.087311168321;9459.745192452629;Apartament, Krowodrza Lea / Chocimska do wejścia;12540.372812255027
314;05.02.2020;11758.0;9433.924512490263;9263.47600214276;9445.066281247051;Dwupoziomowy apartament z widokiem na Wawel;10089.018078855013
646;10.02.2020;11866.0;10797.727827942013;10973.446706649338;9473.271707441778;Mieszkanie 30 m2 | 29 Aleja, ul. Prandoty | Buma;11400.233470682873
678;15.02.2020;11879.0;11663.63829740355;11917.044862021165;9448.230373165137;Mieszkanie, Kraków Chełmońskiego;8219.797336130681
358;10.02.2020;11883.0;8560.074774958644;8518.733943056128;9447.407181782626;3 pokojowe mieszkanie przy ulicy Naukowców;10183.251094660942
677;13.02.2020;11887.0;11925.197191996373;11992.23574755398;9491.318580954578;Dębniki | Madalińskiego | 3 Pok | Eng;9966.937212678318
318;05.02.2020;11939.0;9849.633928905727;9962.526879182373;9455.290962754223;Nowoczesne mieszkanie 2 pok, ul. Murarska;9846.794977789039
218;05.02.2020;11953.0;10746.13984457698;10858.03763812774;9479.760706075653;Mieszkanie 1-pokojowe, ul Prandoty, 29aleja;9470.909595765062
26;03.02.2020;11957.0;10900.419728063991;10988.296233374696;9488.13777532385;Nowe, w pełni wyposażone mieszkanie! Lea!;12099.320362620369
37;04.02.2020;11960.0;10551.348319949879;10671.144878727964;9468.475754201067;Mieszkanie, 25 m², Kraków;9625.230449705645
556;10.02.2020;11960.0;12664.343117950042;12814.442708630913;9499.493265347755;Garsoniera do remontu, Filarecka !;8142.785187928332
90;04.02.2020;11999.0;12077.71534201721;12254.690610693931;9499.418388725082;Mieszkanie, 47,67 m², Kraków;8218.143424178046
42;04.02.2020;11999.0;11106.203971256466;11212.55314435986;9489.920365243195;2 pokojowe*po remoncie*ul. Spokojna;10510.552598237447
534;10.02.2020;12000.0;12271.197729757485;12362.824306621513;9499.258685003337;Ul. Piwna, 35 m2, 2-pok, J.kuch, 1 piętro;9204.964978060627
256;05.02.2020;12000.0;12011.587699052949;12167.028422450256;9502.422619810113;Dietla, Idealne Mieszkanie Pod Inwestycje;12151.401862739858
50;04.02.2020;12021.0;10947.299796845875;11154.057686785263;9454.79836619748;2-pokojowy apartament, Wola Justowska, Ostatni!;12417.963494777712
406;10.02.2020;12025.0;9251.602999115898;9072.825748777259;9445.447780495044;Bożego Ciała, 158m²: Nowy, wyjątkowy apartament;10752.841024592928
81;04.02.2020;12035.0;9213.104613187994;9129.986963617921;9451.290271175318;Stare Miasto Kolberga 16 Odnowiona Kamienica Winda;11397.331486106354
63;04.02.2020;12037.0;11920.191055546633;12080.891859954632;9496.994208693912;Mieszkanie, 54 m², Kraków;9625.230449705645
249;05.02.2020;12111.0;10806.448697094931;10998.654696392778;9453.80181444548;Wola Justowska 2 pokojowe z garażem blisko Parku;11674.122382694932
560;10.02.2020;12118.0;12166.1700206686;12251.005660940527;9501.927303222728;2 pok (oddzielne) 35 m2 Grzegórzki;10660.498420737515
161;05.02.2020;12152.0;11164.242151499435;11184.3864906656;9481.028225325217;Mieszkanie, 79 m², Kraków;9625.230449705645
653;10.02.2020;12200.0;10178.068020256564;10259.29949782915;9465.11418825772;Kraków – Stare Podgórze – ul. Józefińska – 40 m2;11947.847734467035
39;04.02.2020;12246.0;11259.04545102804;11383.992954010575;9493.044677588752;CENTRUM, Stare Miasto, Długa, Św.Filipa,WŁAŚCICIEL;13307.864893577473
58;04.02.2020;12250.0;6958.785972200116;7525.214666964428;9440.973920056917;Mieszkanie, 52 m², Kraków;10223.084239140844
610;10.02.2020;12273.0;10559.181332074068;10487.763762237337;9460.92281824798;Mieszkanie 2-pok. 44m2, Bagry Park, ul. Bagrowa;8853.276711566496
414;10.02.2020;12275.0;11948.751653624087;12045.410493841446;9499.602523362839;Przytulny apartament w kamienicy - Kazimierz!;12531.286943714524
244;05.02.2020;12286.0;11138.574948779124;11305.331271661804;9482.687369415846;2 pokoje, 35m2, Wrocławska, Balkon, Po remoncie.;10197.71583834091
681;15.02.2020;12288.0;9245.014198271088;9173.840450931304;9451.017571616228;Mieszkanie 122m2 na kancelarię, gabinet, Krowodrza;9515.71342303556
675;13.02.2020;12288.0;11991.889938874912;12065.818788941233;9492.480994871048;Sprzedam mieszkanie 52m2, Dębniki ul. Bałuckiego 5;11097.81394929533
225;05.02.2020;12300.0;10379.660249085211;10600.28220114939;9452.788303157178;1 pokój, 20m2 przy ul. Różyckiego;9728.901497517949
168;05.02.2020;12330.0;11554.127448269126;11675.402968010454;9490.46677883099;Mieszkanie do wprowadzenia - Rondo Matecznego;11405.753959840602
671;13.02.2020;12469.0;9984.534040466902;10101.12320829643;9454.435076597552;Mieszkanie, 68,17 m², Kraków;9625.230449705645
672;13.02.2020;12500.0;10785.095856542499;10984.394268530756;9468.011473628148;Mieszkanie, 36 m², Kraków;10506.590617579379
302;05.02.2020;12518.0;11569.542936660568;11691.221423645633;9491.883834525886;Atrakcyjny apartament w centrum Krakowa z balkonem;11995.456340624623
374;10.02.2020;12537.0;11877.637041336346;12032.335631455873;9488.653704792601;Kawalerka, Rondo Matecznego, Deweloperskie;14052.37882474596
260;05.02.2020;12561.0;11268.25901464423;11366.027512627003;9488.640716770726;mieszkanie w apartamentowcu na Kazimierzu, 2 pok.;9458.117248613873
151;04.02.2020;12800.0;12092.731988533114;12185.336418078663;9497.936418943164;Rynek Podgórski, 2-pokoje, 37,5m2, klimatyzacja.;11903.542775220089
623;10.02.2020;12804.0;10999.700896871114;11092.452771583328;9484.429535456191;Sprzedam mieszkanie - 46m - Rydlówka 29;8744.233212479134
306;05.02.2020;12852.0;10897.088547880068;11084.65854550327;9451.607762109614;Wola Justowska - atrakcyjne 2 pokoje;11822.634900779438
193;05.02.2020;12916.0;11838.880166108745;11995.601818227658;9499.929776409108;2 pokoje na Kazimierzu - idealne na krótki termin;11964.913579572578
391;10.02.2020;12975.0;12262.423677587643;12457.970989286483;9501.251555979674;2 Oddzielne Pokoje - Aleje Mickiewicza - Centrum;9771.903669068077
248;05.02.2020;12976.0;11695.378791555031;11850.031742732604;9494.381363406788;Mieszkanie, 22,68 m², Kraków;9625.230449705645
247;05.02.2020;12999.0;11696.374205687547;11851.129997081669;9494.373054388476;Mieszkanie, 22,64 m², Kraków;9625.230449705645
5;02.02.2020;13000.0;11948.253946557828;12044.861366666915;9499.595362699516;Nowa inwestycja - Kazimierz Krakowska/Skawińska;11962.17505793193
636;10.02.2020;13000.0;10149.245072655685;10020.720926351423;9453.218038958676;Ekskluzywny apartament premium - Bulwary Wiślane;13569.742169476012
601;10.02.2020;13000.0;10423.598058912414;10495.898829537713;9472.018359899064;Kraków, Bronowice ul. Bronowicka - Kawalerka, 20m2;11093.704635914248
355;10.02.2020;13001.0;11143.39638095143;11370.413793550775;9455.868839313112;2 pokoje - Wola Justowska - okolice Błoń !;11822.634900779438
597;10.02.2020;13001.0;11064.945678077938;11141.709061830781;9483.037441768158;Inwestycyjny apartament na Kazimierzu pod wynajem;11789.160523354774
421;10.02.2020;13022.0;11413.838331524623;11526.64721117754;9492.314526700615;Kazimierz - mieszkanie inwestycyjne pod wynajem;13865.441067018462
576;10.02.2020;13045.0;10147.638930800362;10302.074092059771;9446.93965590787;2 pokoje na Matecznym, Osiedle Fi;9709.916675540879
122;04.02.2020;13053.0;9829.200872497831;9920.443489199679;9445.58180145839;Wola Justowska 3 pokoje taras miejsce postojowe;13708.874233578139
315;05.02.2020;13053.0;9754.431165830252;9835.071324461345;9445.271046578166;Apartament 3 pokojowy przy ul. Królowej Jadwigi.;10541.220160112252
154;05.02.2020;13084.0;12374.449642406858;12508.431759185118;9501.389117735152;Plac Wolnica/ Bożego Ciała 32m2 + antresola !!!!;9273.58197823641
286;05.02.2020;13125.0;12410.748995049697;12545.730651760101;9502.045042810621;Mieszkanie w zabytkowej częsci Krakowa.;11924.161869607075
577;10.02.2020;13125.0;12376.938177738148;12511.177395057777;9501.383008673636;Plac Wolnica 32m2;9273.58197823641
126;04.02.2020;13166.0;10360.236244752194;10553.072418503227;9450.890590930501;Ustawna Kawalerka - Aleja 29 Listopada;12584.888475862459
117;04.02.2020;13253.0;10921.902355024216;10878.187724611143;9478.7320930467;Grzegórzki Park, F. Nullo street 3bed- 1 100 000 P;11748.73964381099
571;10.02.2020;13265.0;9477.758752540167;9494.569771103705;9459.693393514877;Najpiękniejsze 2 pokojowe ul. Kluczborska;9595.870104755793
74;04.02.2020;13281.0;10509.212356550113;10562.410833222862;9482.82998902374;Przestronny 2/3pok 64m2 ul. Szlak Angel City;10930.388914352816
13;03.02.2020;13293.0;11297.952824324504;11247.200670642505;9475.821862239045;3 pokoje na Zabłociu;9976.911742330158
582;10.02.2020;13331.0;12269.28227713307;12362.040394885706;9498.758674159308;31m2 , Wysoki Standard, Plac Bohaterów Getta,;11005.254757543717
568;10.02.2020;13333.0;11772.327953576958;11805.88077622133;9493.454460010293;Nadwiślańska, nowe, winda, garaż, klimatyzacja;12531.313980724215
95;04.02.2020;13333.0;10961.005297722082;10916.347348012712;9461.21795638494;Nowoczesne Studio z balkonem - Wiślane Tarasy;13245.961166496705
320;05.02.2020;13425.0;11551.05925471782;11657.254723418555;9496.023396258885;Świetna lokalizacja-Krowodrza-ul.Zbożowa, 2 pokoje;10380.970391578923
309;05.02.2020;13445.0;10874.653121726362;10821.073783231453;9460.70246713159;Cesja | Wiślane Tarasy 2.0 | 2 Pok. | Eng;12841.223480664223
217;05.02.2020;13500.0;11412.969887351164;11535.103556872662;9495.536958613273;Steam Park | Rakowicka | Stare Miasto | Studio;14331.366438948004
276;05.02.2020;13506.0;9736.12965110763;9817.756707562241;9444.978660972221;Mieszkanie, 88,01 m², Kraków;9625.230449705645
159;05.02.2020;13519.0;10485.03290870124;10571.203975761446;9479.56890919717;Apartament w nowej inwestycji Zbożowa/ Prądnicka;9839.004178116518
342;05.02.2020;13542.0;9683.789825128772;9808.419876091719;9436.761846308247;Dobrego Pasterza, 59m2 Mieszkanie na sprzedaż/3pok;9358.164392144552
341;05.02.2020;13542.0;9683.789825128772;9808.419876091719;9436.761846308247;Dobrego Pasterza, 59m2 Mieszkanie na Sprzedaż/3pok;9358.164392144552
669;13.02.2020;13542.0;10566.13654472543;10572.182074734304;9469.767410648412;Starowiślna Apartament 96M2 3 Pokoje;10877.51599393368
361;10.02.2020;13560.0;9702.20498658031;9828.737581549394;9436.9613590495;Dobrego Pasterza | Klimatyzacja | 3 Pok. | Eng;11729.80615534979
683;15.02.2020;13618.0;12837.984823300214;13020.52282154628;9501.325785053803;Stare Miasto - gotowa kawalerka pod wynajem;14944.223984467253
650;10.02.2020;13667.0;11638.128187712766;11810.119704576284;9492.028377139139;Krowodrza Lea / Chocimska 30m2 dwupokojowe;12553.921676412087
376;10.02.2020;13696.0;9268.505630920174;9468.019142229925;9442.273385273713;Kawalerka Pod Klucz, Chełmońskiego Bronowice;13128.940034315683
106;04.02.2020;13700.0;7008.556678825891;7580.127384417603;9441.042358526902;Mieszkanie, 50 m², Kraków;9625.230449705645
514;10.02.2020;13794.0;7826.829604322016;8167.361152459429;9431.510127054711;Pasaż Podgórski | Zabłocie | Brak Pcc | Eng;14603.742997449363
327;05.02.2020;13805.0;10874.693901087969;10969.725419487977;9490.298067850263;Mieszkanie, 51,30 m², Kraków;12160.740162376467
56;04.02.2020;13818.0;11618.692247785071;11646.965768955599;9496.77114499782;Grzegórzki | Wiślane Tarasy | 3 pok | m.post | Eng;15306.370997981292
204;05.02.2020;13871.0;11984.50694148452;12050.574242236438;9501.526575534452;Grzegórzki Nowe Słoneczne 2 Pok/Oddzielna Kuchnia;11379.700097666964
569;10.02.2020;13881.0;10936.18033859428;10959.565100676875;9480.979591282645;Apartament 67m2, Dąbrowskiego, Taras!;10554.549030761962
639;10.02.2020;13893.0;12467.56443003019;12537.649530792074;9491.422288231814;Bez 2% PCC! Nowe 28,08 m2, balkon, Zabłocie;13880.432167946865
207;05.02.2020;13924.0;11194.022955169094;11276.904970461424;9481.713119640975;Apartament 79 m2 w Centrum Krakowa, ul. Retoryka;12290.533727185357
34;04.02.2020;13930.0;12147.375945143212;12271.96426292607;9501.639549332105;Tylko u nas - apartament Czapskich/ Jabłonowskich;9801.70257610758
146;04.02.2020;13947.0;12285.474137049252;12414.540068633698;9501.776634426615;Bezpośrednio, al. Daszyńskiego 15, 2 pokoje;12491.795785544395
186;05.02.2020;13978.0;10591.006667426485;10628.22002813347;9484.148361373496;Apartamenty Novum - Rakowicka - Śródmieście.;12560.907353047074
651;10.02.2020;14000.0;11264.84788801945;11398.27432367747;9489.371744684879;Krowodrza Lea / Chocimska 45m2 dwupokojowe;12553.921676412087
480;10.02.2020;14049.0;11413.388014220864;11401.095238895301;9486.542604849248;Zabłocie - nowa inwestycja mieszkaniowa;13252.642421994533
242;05.02.2020;14063.0;10770.971948850001;10810.146872109433;9469.949522805284;Duże, jasne mieszkanie w centrum Krakowa;12266.110369037833
583;10.02.2020;14097.0;12065.877386511118;12205.299137526941;9494.35391413089;2 pokojowe, 26,5m2, Stare Podgórze, Zamoyskiego;11756.263467837061
53;04.02.2020;14113.0;9083.112474489504;9051.219713859291;9447.669711828019;Mieszkanie, 26,50 m², Kraków;9625.230449705645
690;15.02.2020;14202.0;9298.421560457708;9205.435270187712;9453.000609693741;Mieszkanie, 119 m², Kraków;9625.230449705645
593;10.02.2020;14219.0;12669.411975793353;12834.874328242477;9501.970402127337;Stare Miasto Mieszkanie inwestycyjne - Retoryka;11724.457580253275
84;04.02.2020;14286.0;12464.794260423252;12580.48196565958;9499.569216906015;Kawalerka 1 Pokój Grzegórzki Zachód Centrum Mpec;14065.83536440054
258;05.02.2020;14300.0;12476.772010755958;12547.808383520913;9491.382469947985;Zabłocie, Pasaż Podgórski IV, Studio/ Eng;13573.781058453129
41;04.02.2020;14398.0;12907.422087256049;13075.938226492395;9492.570061584269;*Stare Dębniki* Kawalerka w odnowionej kamienicy!;13842.880466440214
38;04.02.2020;14444.0;11920.191055546633;12080.891859954632;9496.994208693912;Sprzedam mieszkanie Kraków ul. Św. Wawrzyńca;11827.996150209283
584;10.02.2020;14444.0;11819.34781639707;11902.63742846319;9497.454080485344;Kazimierz + 2-miejsca postojowe;13621.824108145502
592;10.02.2020;14452.0;12420.558442664476;12560.3107409766;9501.51143782279;Stare Miasto - inwestycyjne - Retoryka;11849.418089244005
661;10.02.2020;14500.0;11912.356849836853;11964.630761805201;9493.085187233608;Apartament Kossak Residence;10947.139720859088
261;05.02.2020;14500.0;12669.411975793353;12834.874328242477;9501.970402127337;Kawalerka inwestycyjna - Retoryka - 32m2;11319.356224847834
638;10.02.2020;14501.0;10830.35719282942;10772.201464698128;9460.394034348825;Prestiżowy apartament typu studio Bulwary Wiślane;13736.542462761692
656;10.02.2020;14524.0;10897.017001711327;10850.731365884556;9478.018685169027;Grzegórzki | Grzegórzecka | Wiślane Tarasy | Eng;16380.597698592468
324;05.02.2020;14524.0;10060.942847756542;10071.90248912856;9470.773168536805;Mieszkanie, 84 m², Kraków;11106.324185235586
634;10.02.2020;14524.0;9617.196218826146;9433.703976776978;9447.432694857847;Wiślane Tarasy. Oddane 84 m2 z 60 m2 tarasem.;12860.819973787626
668;13.02.2020;14524.0;9617.196218826146;9433.703976776978;9447.432694857847;Wiślane Tarasy Ul.Grzegórzecka 84M2 Duży Taras;14460.46896613983
52;04.02.2020;14524.0;9617.196218826146;9433.703976776978;9447.432694857847;4 pokoje z tarasem w Wiślane Tarasy 2.0;13910.112192379707
47;04.02.2020;14573.0;11874.17613839134;12048.693564161658;9499.530700664518;Kawalerka Stare Miasto, Lubicz, Topolowa;13443.105732717777
604;10.02.2020;14604.0;12469.688722482355;12592.980876491718;9496.470875897638;Dębniki 1 pokojowe z ogródkiem;10268.438356572893
156;05.02.2020;14706.0;11895.201303833774;11906.153280080558;9488.126798799212;2 pokoje Zabłocie ul. Ślusarska;13416.143163973527
80;04.02.2020;14706.0;11825.240611549156;11855.497975820328;9495.267216771383;Luksusowy apartament z garderobą Zabłocie Concept;13855.78468305584
540;10.02.2020;14845.0;10082.2849156899;10199.674657449075;9447.501501733821;Wola Justowska - Borowego- 74m2, wysoki standard;13944.021145432758
649;10.02.2020;14880.0;9642.081572139034;9461.160335503566;9447.662417229196;Okazja - Luksusowy apartament, Wiślane Tarasy!;13466.871314682136
619;10.02.2020;14928.0;10906.971143036482;10861.71390937519;9478.30385732931;komfortowe 3 pok mieszkanie, Grzegórzki;12417.091280090073
652;10.02.2020;14928.0;9627.150360151301;9444.686520267613;9447.523985689571;3 pokojowy apartament Tarasy Wiślane Grzegórzecka;14648.45216388692
511;10.02.2020;14939.0;10758.15386032942;10683.651328139546;9477.591296087334;Grzegórzki, Galeria Kazimierz, Bulwary/ 3 pok/ Eng;14973.002643135787
567;10.02.2020;14975.0;12268.58600192706;12465.280882126859;9501.132719402574;Mieszkanie, 40 m², Kraków;11362.089164288851
143;04.02.2020;14975.0;11956.836740811834;12125.744958591684;9500.924005715484;2 osobne pokoje osobna kuchnia Kazimierz;13282.988107202884
238;05.02.2020;14975.0;11956.836740811834;12125.744958591684;9500.924005715484;Kazimierz apartament 40m2 wysoki standard parter;15031.264631366374
75;04.02.2020;14975.0;12167.742762777498;12287.026450635418;9501.836547607354;Kazimierz, 2 pok, wysoki standard !;14198.729118241892
631;10.02.2020;15000.0;9652.035713464189;9472.142878994202;9447.755695137856;Apartament 3-pok 82,6 m2 | Wiślane Tarasy |ENG;12929.814196823307
658;10.02.2020;15000.0;10309.85978262474;10302.58503168107;9469.299663277;Luksusowy apartament z ogrodem, Rondo Matecznego;12534.725176005704
337;05.02.2020;15000.0;10850.893709881497;10851.860071334786;9474.853921640672;Eng| 3 pokoje, 80m2 *Osiedle Fi* wysoki standard;11641.269973275294
7;02.02.2020;15000.0;12361.848518618022;12501.186048702803;9502.168621553565;NOWA Inwestycja - Kazimierz, Miodowa/Krakowska;11962.17505793193
473;10.02.2020;15025.0;10697.220552605471;10625.309945510884;9459.304243835666;Wiślane Tarasy 2.0 | Grzegórzecka | Eng;13915.450181275399
44;04.02.2020;15056.0;12907.422087256049;13075.938226492395;9492.570061584269;*Stare Dębniki* Kawalerka | Komórka i Balkon;13796.474779557104
296;05.02.2020;15074.0;10697.220552605471;10625.309945510884;9459.304243835666;Grzegórzki, Wiślane Tarasy 2.0, Bulwary/2pok/Eng;14522.731228102868
648;10.02.2020;15074.0;12080.44599592713;12140.272344788908;9500.711045388603;Grzegórzecka | Wiślane Tarasy 2.0 | Studio | Eng;14082.250474561079
542;10.02.2020;15086.0;11080.744626518677;11197.064069744123;9493.24470296146;Mieszkanie, 43,02 m², Kraków;10158.801051421367
166;05.02.2020;15128.0;12054.770531575978;12125.366582662518;9498.60444870887;Super wykończona kawalerka przy Placu Boh. Getta;13894.584005192542
113;04.02.2020;15164.0;10520.133755465054;10460.420672695418;9456.376456876747;Mieszkanie Stare Miasto Okolica Ul. Piłsudskiego;11980.562144677064
331;05.02.2020;15245.0;10253.165337930874;10361.168376943433;9437.896685900176;Mieszkanie pod inwestycję w sercu Krakowa;13425.28012135655
497;10.02.2020;15257.0;12127.42849041062;12242.547149498347;9501.568383301883;Kazimierz - inwestycyjne 2 pokojowe;12940.082440586271
605;10.02.2020;15302.0;12234.1069664799;12306.605949698163;9498.763364775969;Zabłocie 2 pokojowe;13778.463201511222
158;05.02.2020;15354.0;9555.93418743437;9572.890529664457;9455.008192982432;Apartament Kraków ul. Zabłocie, ZABŁOCIE;17114.140655217034
252;05.02.2020;15385.0;11217.371010311868;11319.296577281682;9494.864326943192;Rakowicka 22C - Steam Park - 39m2 - 2 pokoje;12257.806706388412
524;10.02.2020;15500.0;7808.077606446254;7557.77543173917;9442.747083597731;Stare Miasto | Rakowicka | 176 m^2 | Eng | Ukr;14233.872677387597
313;05.02.2020;15874.0;11131.012486058127;11203.697911191743;9491.329987759394;2 pokoje na ul. Św Teresy;12036.68056900548
368;10.02.2020;15892.0;12242.39882271616;12369.39552681518;9502.154085101696;Kazimierz - Bezpośrednio - 18 Mieszkań;12891.635316966076
405;10.02.2020;15919.0;12730.984932267675;12881.272643120888;9494.988810417995;Funkcjonalna kawalerka, Dębniki, ul. Wasilewskiego;11981.727705629313
449;10.02.2020;15919.0;12613.412564687354;12781.552053219591;9498.585827099856;Kawalerka przy ul. Wasilewskiego, 22m2;11774.675744129372
